OID,CID
0,2441
1,3174
2,2699
3,1681
4,2160
5,2466
6,630
7,3407
8,3739
9,320
10,912
11,1118
12,2653
13,2645
14,1209
15,3807
16,2184
17,2305
18,2787
19,1927
20,2516
21,2631
22,3857
23,961
24,2193
25,3079
26,24
27,3193
28,288
29,3661
30,1653
31,1969
32,2865
33,1853
34,1468
35,972
36,2440
37,3042
38,3978
39,891
40,3967
41,1692
42,133
43,3556
44,538
45,2125
46,3305
47,410
48,3203
49,911
50,1342
51,1511
52,2920
53,691
54,280
55,1154
56,2628
57,22
58,2387
59,2508
60,975
61,1854
62,231
63,3089
64,165
65,1381
66,2917
67,1430
68,1337
69,3533
70,294
71,148
72,193
73,3516
74,2523
75,1313
76,3319
77,2241
78,1180
79,3902
80,2149
81,2549
82,1216
83,1133
84,1886
85,3974
86,362
87,2758
88,1916
89,3757
90,1736
91,1971
92,3640
93,1622
94,2185
95,2491
96,2181
97,2510
98,2173
99,3999
100,125
101,3385
102,938
103,2388
104,2678
105,181
106,3190
107,1892
108,1816
109,2340
110,839
111,1103
112,4026
113,539
114,1169
115,3498
116,1998
117,2030
118,2224
119,1709
120,969
121,2650
122,2896
123,3877
124,1226
125,380
126,3963
127,3804
128,936
129,2797
130,459
131,1396
132,2521
133,1458
134,3070
135,3168
136,3356
137,3643
138,615
139,3571
140,861
141,2079
142,2087
143,2634
144,2212
145,3003
146,3816
147,1312
148,2096
149,421
150,132
151,1674
152,3846
153,2691
154,1684
155,534
156,15
157,3118
158,2050
159,3212
160,238
161,2336
162,3449
163,3780
164,753
165,1711
166,944
167,2930
168,2569
169,1101
170,2305
171,599
172,1435
173,2550
174,231
175,696
176,2516
177,1774
178,3547
179,700
180,2389
181,3572
182,3902
183,929
184,17
185,1016
186,3370
187,3470
188,1736
189,3081
190,32
191,3402
192,976
193,271
194,2982
195,1177
196,918
197,803
198,960
199,2424
200,916
201,3378
202,3702
203,3935
204,2853
205,2112
206,2598
207,2813
208,2206
209,1279
210,1570
211,3790
212,2767
213,2445
214,251
215,3190
216,3669
217,2497
218,2254
219,85
220,1064
221,3498
222,2438
223,3901
224,1558
225,1905
226,3528
227,1561
228,601
229,3585
230,940
231,1461
232,1346
233,1451
234,850
235,3326
236,52
237,1841
238,3454
239,349
240,1733
241,3133
242,2182
243,249
244,2664
245,3623
246,444
247,1471
248,711
249,3389
250,2753
251,3254
252,2116
253,136
254,2988
255,2305
256,2585
257,3267
258,1127
259,3551
260,2262
261,252
262,967
263,3989
264,844
265,3136
266,1050
267,1209
268,2788
269,1012
270,1478
271,3728
272,3769
273,7
274,2846
275,3709
276,3176
277,3203
278,1205
279,1890
280,1005
281,3904
282,1181
283,3872
284,3602
285,303
286,2569
287,3662
288,875
289,2142
290,352
291,3481
292,1832
293,3641
294,1835
295,1216
296,3903
297,940
298,1137
299,1169
300,3994
301,159
302,3730
303,2295
304,1839
305,582
306,1236
307,1151
308,2863
309,663
310,1022
311,290
312,398
313,2301
314,3833
315,829
316,1578
317,2792
318,23
319,153
320,3978
321,246
322,2937
323,982
324,3422
325,3816
326,1374
327,1609
328,1000
329,698
330,1530
331,2704
332,3260
333,8
334,1711
335,1709
336,3096
337,36
338,1797
339,1561
340,2782
341,1803
342,920
343,669
344,1613
345,8
346,1474
347,3959
348,3034
349,370
350,1842
351,883
352,2207
353,64
354,2004
355,531
356,3618
357,2453
358,58
359,1474
360,2564
361,764
362,3144
363,2789
364,2822
365,473
366,1962
367,2754
368,2102
369,1494
370,2507
371,2837
372,3524
373,1327
374,2464
375,2732
376,571
377,2766
378,2550
379,3503
380,2874
381,1608
382,3690
383,3666
384,3938
385,3203
386,484
387,1383
388,2765
389,1996
390,1681
391,1173
392,2767
393,4002
394,403
395,1770
396,1718
397,1239
398,1233
399,2592
400,899
401,1422
402,3647
403,2172
404,1522
405,1744
406,823
407,1313
408,1058
409,3696
410,2844
411,3316
412,1736
413,1581
414,3971
415,3225
416,2595
417,2583
418,1402
419,1533
420,77
421,3926
422,2070
423,3821
424,3253
425,3535
426,3048
427,786
428,2455
429,2359
430,3485
431,1313
432,3597
433,3834
434,123
435,2403
436,2670
437,2167
438,718
439,3076
440,3925
441,3806
442,3115
443,3509
444,757
445,1343
446,3474
447,2048
448,2645
449,2839
450,3721
451,3066
452,2596
453,943
454,3602
455,2813
456,1225
457,2991
458,908
459,153
460,3656
461,1364
462,545
463,311
464,1461
465,2786
466,3401
467,1250
468,2221
469,1313
470,1152
471,1067
472,696
473,2618
474,2027
475,2739
476,582
477,1682
478,3167
479,1543
480,628
481,2707
482,1838
483,2762
484,1337
485,255
486,3405
487,3234
488,1422
489,166
490,1598
491,3997
492,1105
493,3804
494,601
495,1152
496,2900
497,653
498,222
499,2555
500,3950
501,1497
502,3096
503,3060
504,3788
505,2231
506,3698
507,1748
508,1132
509,2835
510,3958
511,1530
512,2620
513,2334
514,411
515,349
516,620
517,1877
518,20
519,2619
520,3229
521,3979
522,1194
523,3255
524,3306
525,2585
526,2921
527,310
528,1904
529,2113
530,2517
531,226
532,1675
533,2357
534,1795
535,2642
536,756
537,1187
538,3520
539,1790
540,945
541,2605
542,3140
543,3060
544,3013
545,2480
546,1246
547,3713
548,493
549,3439
550,1123
551,2158
552,3952
553,764
554,74
555,3780
556,1893
557,2870
558,1325
559,2407
560,1060
561,3381
562,3391
563,1318
564,2614
565,754
566,2937
567,508
568,699
569,344
570,3612
571,2498
572,2184
573,2573
574,2236
575,2591
576,3174
577,523
578,3003
579,3043
580,1109
581,174
582,3073
583,1060
584,795
585,1125
586,2385
587,1260
588,1492
589,1323
590,3289
591,2312
592,1920
593,3870
594,2982
595,3807
596,2250
597,1041
598,1320
599,2228
600,3990
601,1963
602,1834
603,3392
604,3257
605,3500
606,3251
607,416
608,1096
609,3317
610,3096
611,2481
612,1520
613,3887
614,1494
615,1188
616,307
617,1789
618,3317
619,702
620,3076
621,2237
622,1944
623,583
624,2459
625,2734
626,2386
627,2314
628,292
629,1742
630,2965
631,670
632,133
633,3730
634,3591
635,1895
636,3665
637,2929
638,3121
639,2505
640,2247
641,665
642,184
643,2959
644,3818
645,2241
646,847
647,947
648,622
649,2426
650,3778
651,3581
652,394
653,533
654,1133
655,1497
656,2236
657,2843
658,222
659,2830
660,669
661,3928
662,2357
663,1526
664,317
665,705
666,1605
667,283
668,503
669,0
670,3764
671,2867
672,2476
673,1161
674,3593
675,2368
676,2877
677,3072
678,2097
679,4004
680,2959
681,2086
682,848
683,1268
684,3311
685,3376
686,2252
687,3220
688,674
689,506
690,2286
691,952
692,814
693,2766
694,3646
695,1494
696,3195
697,1395
698,953
699,378
700,672
701,1029
702,2477
703,2360
704,3633
705,3910
706,664
707,195
708,1225
709,1996
710,2144
711,6
712,1102
713,1076
714,992
715,3119
716,736
717,3830
718,2493
719,2950
720,725
721,2928
722,3606
723,2800
724,1255
725,400
726,794
727,3855
728,1201
729,1203
730,1335
731,1678
732,173
733,1374
734,1090
735,3488
736,3503
737,254
738,1768
739,1330
740,322
741,3263
742,1777
743,1820
744,1881
745,3257
746,1243
747,1357
748,1683
749,2196
750,1365
751,2655
752,3196
753,3779
754,1497
755,594
756,3038
757,3128
758,1018
759,487
760,3564
761,1244
762,905
763,3092
764,3033
765,1864
766,2615
767,2924
768,1171
769,2430
770,1060
771,3839
772,3813
773,447
774,2122
775,382
776,2551
777,831
778,1336
779,3879
780,3982
781,3282
782,1681
783,75
784,2478
785,2459
786,1391
787,272
788,3652
789,1362
790,502
791,1126
792,2274
793,500
794,1985
795,2837
796,1746
797,719
798,598
799,922
800,2696
801,681
802,3041
803,3522
804,2773
805,3227
806,605
807,230
808,3677
809,2396
810,761
811,3180
812,919
813,2435
814,23
815,2978
816,2026
817,582
818,121
819,2075
820,1408
821,952
822,3814
823,3768
824,3131
825,1239
826,2578
827,2131
828,3956
829,3010
830,1909
831,1777
832,2694
833,2230
834,1002
835,216
836,1594
837,2052
838,2203
839,530
840,2766
841,3509
842,3551
843,1024
844,3825
845,2982
846,4004
847,2936
848,511
849,3640
850,3216
851,1035
852,929
853,2974
854,2844
855,664
856,2041
857,3504
858,497
859,3044
860,1604
861,3266
862,710
863,2570
864,80
865,1395
866,3607
867,2662
868,3023
869,404
870,3946
871,2630
872,2655
873,3589
874,1312
875,1320
876,715
877,2749
878,1101
879,493
880,32
881,1833
882,1375
883,1370
884,3616
885,2239
886,192
887,1322
888,1529
889,3025
890,3042
891,2692
892,3110
893,2867
894,1492
895,1548
896,3162
897,488
898,3289
899,3845
900,457
901,3482
902,3169
903,815
904,1071
905,3942
906,3066
907,791
908,567
909,3372
910,2992
911,123
912,395
913,1829
914,3943
915,952
916,2939
917,2777
918,2693
919,2996
920,3161
921,3938
922,1528
923,1331
924,3412
925,3567
926,1871
927,3335
928,748
929,2937
930,219
931,3826
932,1886
933,928
934,1068
935,1182
936,1465
937,2198
938,2184
939,2843
940,1847
941,2420
942,437
943,2604
944,3842
945,3310
946,47
947,3319
948,2262
949,1861
950,3568
951,2848
952,635
953,3513
954,1935
955,3996
956,465
957,1172
958,1678
959,1747
960,483
961,3344
962,3038
963,2267
964,1366
965,2713
966,1568
967,246
968,1448
969,1193
970,2188
971,3576
972,11
973,1559
974,659
975,1347
976,3126
977,3091
978,3452
979,2119
980,2620
981,286
982,233
983,2975
984,1683
985,3302
986,117
987,3689
988,3822
989,2137
990,2587
991,3699
992,2910
993,2541
994,3532
995,306
996,1054
997,3796
998,2566
999,392
1000,2639
1001,1769
1002,2992
1003,2285
1004,2015
1005,872
1006,3437
1007,3657
1008,3116
1009,2304
1010,3714
1011,1145
1012,43
1013,661
1014,3664
1015,948
1016,2571
1017,1243
1018,3880
1019,1885
1020,1800
1021,931
1022,595
1023,1412
1024,2207
1025,3823
1026,645
1027,1340
1028,1937
1029,1837
1030,1301
1031,1035
1032,2879
1033,2916
1034,249
1035,2583
1036,1414
1037,2320
1038,3846
1039,1240
1040,3111
1041,245
1042,2476
1043,897
1044,1658
1045,2396
1046,2020
1047,3895
1048,223
1049,3121
1050,1690
1051,3872
1052,472
1053,509
1054,584
1055,1421
1056,2820
1057,2610
1058,274
1059,2348
1060,1660
1061,585
1062,2670
1063,3445
1064,3624
1065,1995
1066,3583
1067,812
1068,3930
1069,1671
1070,2891
1071,146
1072,838
1073,833
1074,1593
1075,2735
1076,1287
1077,1189
1078,1996
1079,998
1080,1158
1081,1307
1082,2096
1083,2807
1084,274
1085,3375
1086,1232
1087,546
1088,2078
1089,3427
1090,2456
1091,498
1092,2898
1093,40
1094,807
1095,2875
1096,1874
1097,1898
1098,1083
1099,1272
1100,1896
1101,1763
1102,3048
1103,278
1104,1970
1105,3273
1106,810
1107,1825
1108,919
1109,354
1110,2160
1111,2250
1112,2410
1113,719
1114,3280
1115,798
1116,2480
1117,269
1118,970
1119,4
1120,274
1121,693
1122,1837
1123,1452
1124,358
1125,2414
1126,3419
1127,2962
1128,2630
1129,1814
1130,3882
1131,225
1132,1295
1133,735
1134,828
1135,1985
1136,2382
1137,1541
1138,1241
1139,2288
1140,3105
1141,3906
1142,1965
1143,556
1144,1343
1145,816
1146,913
1147,2127
1148,2716
1149,1348
1150,3709
1151,2263
1152,336
1153,9
1154,934
1155,3372
1156,1692
1157,2905
1158,2515
1159,3987
1160,3542
1161,302
1162,3218
1163,3039
1164,344
1165,230
1166,2785
1167,3250
1168,3522
1169,2220
1170,3695
1171,925
1172,357
1173,3369
1174,3941
1175,2821
1176,3357
1177,3861
1178,1425
1179,2380
1180,3386
1181,2699
1182,1963
1183,62
1184,2752
1185,170
1186,2206
1187,916
1188,1869
1189,1407
1190,3605
1191,1782
1192,2118
1193,1847
1194,530
1195,2853
1196,2125
1197,851
1198,617
1199,3901
1200,1012
1201,191
1202,2066
1203,1601
1204,3085
1205,1405
1206,2549
1207,1258
1208,1982
1209,678
1210,2215
1211,476
1212,1346
1213,1030
1214,693
1215,1937
1216,2210
1217,2305
1218,3191
1219,459
1220,632
1221,1902
1222,3199
1223,2814
1224,1040
1225,2295
1226,2171
1227,435
1228,3838
1229,706
1230,3486
1231,1756
1232,750
1233,864
1234,2769
1235,2767
1236,3371
1237,1751
1238,1761
1239,3405
1240,3347
1241,2811
1242,2304
1243,458
1244,66
1245,2631
1246,2844
1247,1595
1248,33
1249,516
1250,934
1251,3857
1252,2539
1253,2554
1254,1001
1255,736
1256,3798
1257,185
1258,3814
1259,822
1260,1611
1261,394
1262,2886
1263,3170
1264,103
1265,3264
1266,2488
1267,3340
1268,1483
1269,3220
1270,2865
1271,1931
1272,1547
1273,3592
1274,1036
1275,2480
1276,3076
1277,939
1278,3710
1279,345
1280,1076
1281,1454
1282,3349
1283,3790
1284,53
1285,3558
1286,232
1287,1161
1288,3669
1289,3303
1290,2074
1291,3352
1292,2525
1293,219
1294,3126
1295,2154
1296,1958
1297,306
1298,3815
1299,1734
1300,1145
1301,2536
1302,1380
1303,3139
1304,2436
1305,3861
1306,700
1307,6
1308,3571
1309,1948
1310,1520
1311,3041
1312,2282
1313,2321
1314,2003
1315,1944
1316,1949
1317,2381
1318,3517
1319,1541
1320,2921
1321,2046
1322,2828
1323,616
1324,1518
1325,2288
1326,3556
1327,3472
1328,1020
1329,1247
1330,3835
1331,3552
1332,2307
1333,3767
1334,1568
1335,2102
1336,3714
1337,3210
1338,2581
1339,1633
1340,1126
1341,390
1342,1852
1343,938
1344,1509
1345,794
1346,1147
1347,443
1348,1619
1349,920
1350,84
1351,3108
1352,378
1353,3308
1354,3384
1355,939
1356,1701
1357,3467
1358,2910
1359,2939
1360,2777
1361,1462
1362,281
1363,3217
1364,2477
1365,3867
1366,2336
1367,3602
1368,569
1369,3025
1370,3485
1371,3452
1372,1382
1373,2893
1374,2341
1375,955
1376,756
1377,2189
1378,632
1379,3073
1380,3858
1381,1102
1382,919
1383,2270
1384,2434
1385,3961
1386,1295
1387,1887
1388,1864
1389,271
1390,591
1391,1347
1392,2086
1393,2335
1394,999
1395,2170
1396,2821
1397,3012
1398,921
1399,644
1400,159
1401,1299
1402,2121
1403,2955
1404,3419
1405,2159
1406,4003
1407,3179
1408,2062
1409,1698
1410,1622
1411,919
1412,784
1413,924
1414,3804
1415,482
1416,1127
1417,4008
1418,156
1419,1659
1420,1281
1421,1456
1422,3569
1423,897
1424,784
1425,2384
1426,704
1427,1730
1428,1892
1429,198
1430,58
1431,2167
1432,751
1433,2151
1434,741
1435,3790
1436,3435
1437,2502
1438,1681
1439,3481
1440,4005
1441,2645
1442,3812
1443,494
1444,1753
1445,1395
1446,3342
1447,314
1448,454
1449,3536
1450,1920
1451,2222
1452,2372
1453,3854
1454,2656
1455,1753
1456,2215
1457,2570
1458,520
1459,260
1460,25
1461,868
1462,1861
1463,2236
1464,3654
1465,252
1466,271
1467,1184
1468,20
1469,2418
1470,1561
1471,1399
1472,3002
1473,3967
1474,1503
1475,2282
1476,3412
1477,3428
1478,3999
1479,1662
1480,2473
1481,1842
1482,2568
1483,1325
1484,1691
1485,3079
1486,2855
1487,1153
1488,945
1489,2432
1490,1479
1491,2775
1492,2146
1493,3306
1494,2334
1495,3689
1496,2596
1497,3278
1498,3637
1499,2121
1500,1751
1501,979
1502,2949
1503,985
1504,48
1505,29
1506,1036
1507,3299
1508,276
1509,742
1510,3817
1511,1019
1512,3119
1513,3090
1514,841
1515,2851
1516,1810
1517,2272
1518,1999
1519,1724
1520,2345
1521,1280
1522,3980
1523,629
1524,2850
1525,2362
1526,3099
1527,314
1528,3191
1529,3990
1530,2707
1531,1432
1532,3905
1533,3725
1534,2223
1535,683
1536,324
1537,2175
1538,278
1539,1785
1540,1496
1541,3353
1542,966
1543,211
1544,1744
1545,2174
1546,3358
1547,2283
1548,2861
1549,1688
1550,85
1551,1753
1552,3681
1553,1561
1554,2197
1555,3144
1556,2801
1557,858
1558,188
1559,1597
1560,1724
1561,2325
1562,3725
1563,2794
1564,1225
1565,2880
1566,1791
1567,1328
1568,2953
1569,231
1570,2968
1571,3525
1572,2189
1573,1805
1574,1705
1575,2175
1576,1135
1577,1756
1578,3269
1579,1100
1580,2005
1581,3895
1582,310
1583,1157
1584,2740
1585,1135
1586,2470
1587,1365
1588,1626
1589,638
1590,3134
1591,2304
1592,208
1593,781
1594,2136
1595,2879
1596,3260
1597,1049
1598,1463
1599,1279
1600,2951
1601,1773
1602,1816
1603,1158
1604,262
1605,2508
1606,1420
1607,1599
1608,3542
1609,768
1610,2417
1611,289
1612,3262
1613,2883
1614,1554
1615,655
1616,914
1617,1329
1618,444
1619,3113
1620,612
1621,1956
1622,2753
1623,3352
1624,1507
1625,2192
1626,3665
1627,2436
1628,3302
1629,2962
1630,3912
1631,2590
1632,641
1633,2429
1634,2353
1635,2304
1636,1940
1637,1991
1638,2328
1639,1349
1640,1777
1641,1347
1642,3990
1643,2748
1644,751
1645,2165
1646,555
1647,3824
1648,504
1649,801
1650,1104
1651,2503
1652,2580
1653,1034
1654,3666
1655,2367
1656,36
1657,2432
1658,3260
1659,2856
1660,2705
1661,595
1662,3012
1663,3814
1664,971
1665,1346
1666,1483
1667,2252
1668,935
1669,918
1670,3116
1671,2007
1672,993
1673,2509
1674,1636
1675,3108
1676,2176
1677,3206
1678,2662
1679,4011
1680,1729
1681,1886
1682,837
1683,899
1684,3941
1685,518
1686,3006
1687,2901
1688,3461
1689,3045
1690,3612
1691,3461
1692,3481
1693,3332
1694,2377
1695,2312
1696,2916
1697,429
1698,1719
1699,1359
1700,2903
1701,1938
1702,3483
1703,2045
1704,1860
1705,1138
1706,1938
1707,3829
1708,1062
1709,3631
1710,412
1711,1679
1712,3818
1713,980
1714,3014
1715,877
1716,61
1717,2645
1718,2933
1719,1963
1720,3630
1721,1382
1722,571
1723,1758
1724,3706
1725,850
1726,2839
1727,3177
1728,2543
1729,1612
1730,2450
1731,2267
1732,3119
1733,2815
1734,2072
1735,1929
1736,3849
1737,2670
1738,3142
1739,3445
1740,2613
1741,370
1742,465
1743,353
1744,3740
1745,2658
1746,1814
1747,4019
1748,3085
1749,3214
1750,787
1751,3238
1752,1720
1753,3738
1754,1586
1755,2909
1756,69
1757,3236
1758,1784
1759,3087
1760,825
1761,3859
1762,2517
1763,3813
1764,1435
1765,2870
1766,1861
1767,2313
1768,2382
1769,3075
1770,539
1771,2924
1772,3241
1773,789
1774,673
1775,2886
1776,1790
1777,2564
1778,2279
1779,2280
1780,2032
1781,2204
1782,182
1783,3132
1784,3437
1785,2356
1786,914
1787,238
1788,3715
1789,1068
1790,2462
1791,3291
1792,280
1793,1493
1794,2571
1795,2458
1796,592
1797,479
1798,2372
1799,3174
1800,2863
1801,763
1802,2998
1803,783
1804,2969
1805,686
1806,272
1807,1656
1808,1421
1809,248
1810,1496
1811,2598
1812,3356
1813,2676
1814,1783
1815,810
1816,3284
1817,2632
1818,3036
1819,2492
1820,2423
1821,3003
1822,3593
1823,219
1824,2129
1825,1844
1826,2055
1827,2969
1828,1902
1829,1227
1830,595
1831,3804
1832,1062
1833,3807
1834,2893
1835,3119
1836,332
1837,1762
1838,164
1839,3603
1840,478
1841,782
1842,2478
1843,3927
1844,1553
1845,2214
1846,1840
1847,2779
1848,2981
1849,3319
1850,2964
1851,3645
1852,668
1853,3116
1854,2442
1855,2252
1856,644
1857,1823
1858,2461
1859,2942
1860,792
1861,930
1862,177
1863,3565
1864,2550
1865,626
1866,253
1867,2422
1868,3002
1869,3731
1870,2468
1871,602
1872,508
1873,3282
1874,1413
1875,94
1876,1939
1877,2435
1878,596
1879,974
1880,76
1881,2773
1882,3744
1883,1112
1884,355
1885,3231
1886,2147
1887,914
1888,2527
1889,740
1890,1935
1891,6
1892,2925
1893,3467
1894,881
1895,1045
1896,788
1897,3144
1898,2173
1899,3848
1900,566
1901,2279
1902,2622
1903,140
1904,683
1905,995
1906,2765
1907,3207
1908,3354
1909,3805
1910,2319
1911,3370
1912,1763
1913,320
1914,664
1915,757
1916,892
1917,2712
1918,3767
1919,2582
1920,1511
1921,2845
1922,3444
1923,2385
1924,3359
1925,427
1926,804
1927,1345
1928,2976
1929,3753
1930,2278
1931,458
1932,3948
1933,1715
1934,127
1935,562
1936,3984
1937,3292
1938,771
1939,421
1940,3884
1941,2879
1942,1322
1943,3073
1944,916
1945,2045
1946,2870
1947,4004
1948,928
1949,4016
1950,1531
1951,1304
1952,3007
1953,3325
1954,2725
1955,3180
1956,3266
1957,3649
1958,61
1959,2054
1960,3521
1961,1710
1962,2772
1963,1724
1964,39
1965,2432
1966,1291
1967,1043
1968,1855
1969,1576
1970,573
1971,3383
1972,809
1973,194
1974,1191
1975,2909
1976,192
1977,1278
1978,2120
1979,1106
1980,3945
1981,1956
1982,3421
1983,1077
1984,3041
1985,3808
1986,2558
1987,2187
1988,376
1989,175
1990,277
1991,2051
1992,1023
1993,1656
1994,270
1995,759
1996,2814
1997,3239
1998,1879
1999,1341
2000,2638
2001,1847
2002,2971
2003,80
2004,1475
2005,1794
2006,3674
2007,1906
2008,1694
2009,3487
2010,1775
2011,717
2012,592
2013,3714
2014,1741
2015,2619
2016,81
2017,1298
2018,3866
2019,884
2020,1071
2021,2650
2022,2129
2023,2378
2024,3628
2025,3790
2026,3417
2027,2169
2028,781
2029,218
2030,3146
2031,677
2032,3786
2033,1106
2034,3840
2035,708
2036,1680
2037,3928
2038,3135
2039,2900
2040,791
2041,2630
2042,1502
2043,3326
2044,581
2045,3662
2046,267
2047,3079
2048,2626
2049,1447
2050,1296
2051,2451
2052,2141
2053,1619
2054,3259
2055,2478
2056,290
2057,3849
2058,3638
2059,2615
2060,3797
2061,977
2062,2075
2063,3245
2064,226
2065,1124
2066,1300
2067,451
2068,2905
2069,2901
2070,1942
2071,3571
2072,3943
2073,1098
2074,1553
2075,3397
2076,2332
2077,3213
2078,1898
2079,3255
2080,3548
2081,1704
2082,2631
2083,2598
2084,1229
2085,1959
2086,902
2087,2989
2088,58
2089,1211
2090,3185
2091,2573
2092,3808
2093,2526
2094,776
2095,196
2096,407
2097,454
2098,194
2099,1783
2100,3854
2101,1447
2102,1490
2103,3646
2104,1146
2105,1770
2106,1725
2107,606
2108,1131
2109,3361
2110,1083
2111,33
2112,3966
2113,2873
2114,69
2115,2761
2116,1431
2117,497
2118,2561
2119,3173
2120,3503
2121,3766
2122,360
2123,1411
2124,3714
2125,3840
2126,2687
2127,1959
2128,1784
2129,3442
2130,542
2131,1380
2132,1012
2133,1507
2134,2910
2135,2523
2136,2955
2137,2029
2138,857
2139,3225
2140,2212
2141,876
2142,1654
2143,351
2144,2569
2145,506
2146,2266
2147,3382
2148,1420
2149,998
2150,3043
2151,3568
2152,602
2153,791
2154,3627
2155,947
2156,3676
2157,3519
2158,177
2159,150
2160,3883
2161,833
2162,3948
2163,1024
2164,130
2165,1331
2166,2764
2167,1421
2168,1227
2169,2068
2170,3837
2171,505
2172,1949
2173,1667
2174,2706
2175,1789
2176,1030
2177,1550
2178,2116
2179,3382
2180,1643
2181,3146
2182,802
2183,2955
2184,972
2185,2276
2186,1227
2187,1182
2188,2085
2189,3803
2190,2883
2191,3014
2192,547
2193,2150
2194,3181
2195,138
2196,945
2197,1614
2198,1749
2199,1625
2200,626
2201,1992
2202,408
2203,296
2204,3449
2205,3443
2206,1227
2207,515
2208,995
2209,2432
2210,3656
2211,3805
2212,612
2213,3122
2214,2233
2215,2529
2216,152
2217,2142
2218,802
2219,82
2220,3629
2221,2420
2222,663
2223,437
2224,2274
2225,3035
2226,2360
2227,3632
2228,3767
2229,2192
2230,3163
2231,3783
2232,377
2233,3984
2234,3588
2235,3426
2236,3887
2237,3628
2238,1101
2239,360
2240,3684
2241,454
2242,1461
2243,1894
2244,3011
2245,2237
2246,3263
2247,2383
2248,181
2249,1844
2250,2854
2251,1552
2252,1571
2253,2204
2254,2570
2255,3237
2256,763
2257,2001
2258,2253
2259,954
2260,2849
2261,2104
2262,100
2263,3035
2264,179
2265,1326
2266,2364
2267,1831
2268,1320
2269,3527
2270,586
2271,588
2272,2471
2273,875
2274,328
2275,2235
2276,2601
2277,3280
2278,1793
2279,1276
2280,325
2281,2631
2282,2112
2283,1237
2284,3274
2285,1531
2286,2308
2287,3125
2288,440
2289,157
2290,3265
2291,138
2292,1721
2293,744
2294,2399
2295,2838
2296,1620
2297,613
2298,1479
2299,1245
2300,1097
2301,1698
2302,1324
2303,2511
2304,2814
2305,2512
2306,3176
2307,3947
2308,1154
2309,3376
2310,2964
2311,834
2312,3620
2313,1245
2314,2870
2315,3517
2316,1355
2317,3810
2318,3905
2319,3078
2320,2002
2321,1781
2322,2987
2323,806
2324,3836
2325,1495
2326,433
2327,3408
2328,3867
2329,3221
2330,3837
2331,3962
2332,3755
2333,1312
2334,2805
2335,2648
2336,3846
2337,492
2338,350
2339,3514
2340,1468
2341,90
2342,293
2343,1964
2344,1937
2345,2306
2346,2217
2347,3626
2348,2296
2349,3788
2350,126
2351,356
2352,172
2353,228
2354,738
2355,1528
2356,1608
2357,3995
2358,3992
2359,778
2360,112
2361,3525
2362,3207
2363,3702
2364,268
2365,2809
2366,3238
2367,721
2368,54
2369,2313
2370,1342
2371,1749
2372,1371
2373,93
2374,1038
2375,3635
2376,531
2377,3672
2378,2426
2379,3501
2380,262
2381,3731
2382,1942
2383,55
2384,2275
2385,764
2386,2135
2387,1799
2388,3459
2389,3523
2390,311
2391,4006
2392,1030
2393,3328
2394,3815
2395,749
2396,145
2397,147
2398,2598
2399,501
2400,1588
2401,75
2402,2610
2403,1801
2404,3582
2405,115
2406,1220
2407,3119
2408,2060
2409,3738
2410,4014
2411,1474
2412,3595
2413,1045
2414,426
2415,1120
2416,1124
2417,1248
2418,3335
2419,27
2420,2286
2421,2859
2422,3528
2423,3066
2424,1504
2425,3691
2426,2795
2427,2236
2428,133
2429,1952
2430,377
2431,3151
2432,1052
2433,1985
2434,3744
2435,837
2436,2779
2437,4011
2438,827
2439,3176
2440,1565
2441,64
2442,2233
2443,2850
2444,2741
2445,3823
2446,2562
2447,2339
2448,2090
2449,1488
2450,328
2451,3603
2452,1518
2453,3505
2454,2707
2455,270
2456,99
2457,3002
2458,2142
2459,1896
2460,1826
2461,3953
2462,17
2463,2816
2464,2245
2465,865
2466,1693
2467,624
2468,3298
2469,3305
2470,148
2471,226
2472,936
2473,2392
2474,29
2475,457
2476,1460
2477,34
2478,406
2479,3288
2480,847
2481,1116
2482,3306
2483,2868
2484,1497
2485,926
2486,2994
2487,58
2488,1057
2489,1945
2490,1036
2491,1706
2492,3829
2493,639
2494,525
2495,2959
2496,1978
2497,584
2498,3320
2499,1056
2500,876
2501,3371
2502,832
2503,940
2504,640
2505,2232
2506,3813
2507,1734
2508,954
2509,2686
2510,2207
2511,3460
2512,3152
2513,504
2514,1356
2515,2661
2516,649
2517,1630
2518,1624
2519,1639
2520,1697
2521,1549
2522,2451
2523,1594
2524,721
2525,1635
2526,2756
2527,2286
2528,2899
2529,553
2530,1131
2531,100
2532,3401
2533,2160
2534,1005
2535,3334
2536,2579
2537,1528
2538,2228
2539,2032
2540,3789
2541,3453
2542,397
2543,3860
2544,2127
2545,1323
2546,721
2547,3098
2548,885
2549,2491
2550,2989
2551,120
2552,2672
2553,583
2554,3624
2555,2125
2556,259
2557,2842
2558,2658
2559,3326
2560,244
2561,764
2562,1197
2563,3134
2564,773
2565,3781
2566,2414
2567,684
2568,1452
2569,1932
2570,495
2571,1700
2572,912
2573,1779
2574,855
2575,1956
2576,1034
2577,3721
2578,958
2579,2533
2580,2127
2581,2898
2582,1829
2583,2213
2584,3330
2585,3346
2586,1536
2587,2309
2588,3665
2589,3374
2590,2173
2591,3988
2592,1835
2593,1998
2594,509
2595,3628
2596,1457
2597,1601
2598,633
2599,676
2600,1284
2601,3270
2602,3949
2603,1775
2604,2867
2605,933
2606,2750
2607,3476
2608,3
2609,3296
2610,884
2611,3451
2612,773
2613,1637
2614,3203
2615,841
2616,1562
2617,715
2618,84
2619,1797
2620,2828
2621,1875
2622,3147
2623,1026
2624,3348
2625,1206
2626,2159
2627,623
2628,1548
2629,1031
2630,3141
2631,2013
2632,1511
2633,273
2634,2938
2635,2519
2636,1122
2637,3752
2638,246
2639,797
2640,1623
2641,1533
2642,2717
2643,351
2644,1056
2645,42
2646,1074
2647,1051
2648,3099
2649,135
2650,3441
2651,1632
2652,1870
2653,2202
2654,212
2655,3695
2656,817
2657,298
2658,2436
2659,1241
2660,1286
2661,1071
2662,1639
2663,1395
2664,2664
2665,2093
2666,29
2667,2638
2668,2591
2669,1711
2670,1012
2671,1350
2672,1855
2673,3788
2674,2033
2675,1021
2676,3975
2677,3078
2678,1751
2679,3306
2680,1879
2681,929
2682,894
2683,1347
2684,644
2685,661
2686,1981
2687,383
2688,901
2689,150
2690,3867
2691,105
2692,2946
2693,3542
2694,1853
2695,305
2696,3181
2697,1856
2698,1532
2699,883
2700,2485
2701,787
2702,240
2703,2064
2704,2430
2705,281
2706,784
2707,3242
2708,3366
2709,1464
2710,3199
2711,3450
2712,1730
2713,118
2714,1647
2715,694
2716,2967
2717,1720
2718,1680
2719,533
2720,3316
2721,3170
2722,419
2723,3442
2724,4020
2725,1555
2726,1747
2727,1757
2728,3611
2729,2376
2730,3193
2731,947
2732,972
2733,1679
2734,59
2735,462
2736,3713
2737,3727
2738,257
2739,3512
2740,1276
2741,3189
2742,893
2743,3486
2744,3153
2745,2630
2746,481
2747,2335
2748,693
2749,1956
2750,2521
2751,2699
2752,501
2753,1768
2754,1057
2755,3818
2756,3391
2757,210
2758,3105
2759,1175
2760,1666
2761,674
2762,1597
2763,1501
2764,3064
2765,2067
2766,1197
2767,351
2768,204
2769,2598
2770,2250
2771,861
2772,1793
2773,1696
2774,2488
2775,3441
2776,1235
2777,3036
2778,2413
2779,3680
2780,2352
2781,1663
2782,3436
2783,3535
2784,3924
2785,1414
2786,1979
2787,89
2788,2501
2789,3586
2790,165
2791,1774
2792,2172
2793,3710
2794,2243
2795,2978
2796,3284
2797,1850
2798,1608
2799,602
2800,2929
2801,2404
2802,1969
2803,2213
2804,2991
2805,2334
2806,2776
2807,3543
2808,2772
2809,2833
2810,2843
2811,1893
2812,2603
2813,1088
2814,40
2815,2469
2816,1911
2817,2487
2818,2234
2819,3314
2820,2919
2821,2536
2822,2899
2823,3095
2824,3560
2825,2400
2826,1860
2827,54
2828,2160
2829,3942
2830,956
2831,3077
2832,1135
2833,3427
2834,3304
2835,1152
2836,3901
2837,445
2838,3130
2839,688
2840,3340
2841,673
2842,1320
2843,1215
2844,2447
2845,2146
2846,2830
2847,1397
2848,1744
2849,3430
2850,3948
2851,1390
2852,3901
2853,768
2854,2632
2855,738
2856,2833
2857,2830
2858,20
2859,2483
2860,1602
2861,3769
2862,3057
2863,956
2864,1448
2865,341
2866,1501
2867,1131
2868,368
2869,2485
2870,3112
2871,2757
2872,1646
2873,1612
2874,2960
2875,2758
2876,2289
2877,3381
2878,3140
2879,829
2880,1787
2881,2974
2882,2499
2883,453
2884,1301
2885,2555
2886,2596
2887,350
2888,1072
2889,2993
2890,3297
2891,2482
2892,2775
2893,3754
2894,2469
2895,3719
2896,2668
2897,910
2898,2424
2899,113
2900,1206
2901,2161
2902,1162
2903,234
2904,2265
2905,2814
2906,2396
2907,2946
2908,1590
2909,914
2910,3847
2911,1302
2912,1160
2913,1558
2914,3676
2915,3095
2916,3747
2917,777
2918,2881
2919,2227
2920,1999
2921,1458
2922,2511
2923,2383
2924,735
2925,121
2926,2042
2927,8
2928,3301
2929,999
2930,130
2931,3621
2932,2954
2933,2804
2934,1950
2935,84
2936,2256
2937,1079
2938,2820
2939,2452
2940,686
2941,2097
2942,1789
2943,1333
2944,3813
2945,2812
2946,1036
2947,1171
2948,2842
2949,200
2950,1855
2951,3307
2952,2289
2953,441
2954,1069
2955,3420
2956,3118
2957,3007
2958,1517
2959,2485
2960,2006
2961,2062
2962,131
2963,619
2964,1171
2965,1677
2966,3566
2967,996
2968,3483
2969,3112
2970,2129
2971,3259
2972,2598
2973,1733
2974,2381
2975,1333
2976,75
2977,134
2978,2723
2979,693
2980,318
2981,2573
2982,3215
2983,2616
2984,3963
2985,2509
2986,90
2987,1125
2988,175
2989,2165
2990,1084
2991,932
2992,509
2993,371
2994,2612
2995,1135
2996,3024
2997,69
2998,358
2999,1365
3000,3507
3001,972
3002,2589
3003,1923
3004,3250
3005,287
3006,2861
3007,520
3008,3524
3009,3860
3010,3275
3011,4016
3012,1911
3013,3330
3014,2905
3015,1717
3016,1275
3017,1964
3018,3033
3019,3038
3020,3766
3021,787
3022,625
3023,3771
3024,3471
3025,1494
3026,2594
3027,3559
3028,713
3029,1004
3030,107
3031,214
3032,1514
3033,561
3034,2458
3035,1240
3036,1750
3037,103
3038,1574
3039,1085
3040,4007
3041,2863
3042,369
3043,1518
3044,3129
3045,2735
3046,329
3047,2027
3048,2378
3049,3209
3050,480
3051,1207
3052,2119
3053,2644
3054,1061
3055,2766
3056,1943
3057,2806
3058,1643
3059,1870
3060,3094
3061,3222
3062,1436
3063,3209
3064,1398
3065,1477
3066,2618
3067,401
3068,3610
3069,1268
3070,3180
3071,3045
3072,223
3073,2244
3074,935
3075,3195
3076,3508
3077,1768
3078,3562
3079,1636
3080,2860
3081,3116
3082,3410
3083,1283
3084,626
3085,125
3086,16
3087,815
3088,2479
3089,3562
3090,2737
3091,2821
3092,2096
3093,118
3094,3930
3095,2985
3096,239
3097,2993
3098,3799
3099,3148
3100,3198
3101,3477
3102,1353
3103,3059
3104,3028
3105,1913
3106,1821
3107,1496
3108,2093
3109,2461
3110,2969
3111,683
3112,3658
3113,1691
3114,2240
3115,2016
3116,1982
3117,299
3118,269
3119,979
3120,3817
3121,3223
3122,3038
3123,3020
3124,3829
3125,3153
3126,303
3127,3773
3128,3498
3129,3287
3130,2102
3131,3389
3132,1935
3133,3375
3134,232
3135,2485
3136,614
3137,3728
3138,2023
3139,2547
3140,1684
3141,519
3142,752
3143,3652
3144,3380
3145,3701
3146,2130
3147,1900
3148,1698
3149,1153
3150,3131
3151,316
3152,2736
3153,1502
3154,2081
3155,3283
3156,1224
3157,695
3158,2934
3159,1606
3160,1221
3161,3102
3162,3042
3163,280
3164,2218
3165,10
3166,1696
3167,233
3168,1230
3169,2614
3170,612
3171,1867
3172,1510
3173,1619
3174,2514
3175,594
3176,3600
3177,911
3178,3923
3179,2701
3180,3893
3181,1894
3182,2452
3183,227
3184,3538
3185,3724
3186,1131
3187,3356
3188,1576
3189,2546
3190,2418
3191,3166
3192,3373
3193,2951
3194,1579
3195,728
3196,2496
3197,781
3198,2102
3199,1184
3200,2867
3201,486
3202,2220
3203,2743
3204,28
3205,3170
3206,990
3207,3254
3208,3385
3209,2674
3210,3735
3211,1427
3212,3003
3213,1445
3214,752
3215,932
3216,1021
3217,2655
3218,1917
3219,538
3220,3693
3221,1982
3222,697
3223,2156
3224,1188
3225,1905
3226,3086
3227,2131
3228,3095
3229,181
3230,2395
3231,251
3232,3144
3233,2874
3234,3792
3235,418
3236,2762
3237,911
3238,3854
3239,135
3240,153
3241,1547
3242,3391
3243,1143
3244,1388
3245,149
3246,3808
3247,2557
3248,59
3249,1655
3250,948
3251,1961
3252,3354
3253,3265
3254,2859
3255,492
3256,1044
3257,1465
3258,3232
3259,3769
3260,3782
3261,3470
3262,757
3263,740
3264,2107
3265,2984
3266,1865
3267,2250
3268,943
3269,306
3270,1270
3271,3511
3272,2942
3273,3987
3274,3515
3275,3540
3276,1454
3277,3643
3278,2479
3279,3624
3280,2904
3281,2202
3282,2542
3283,2206
3284,2209
3285,2615
3286,2183
3287,2205
3288,3700
3289,471
3290,3352
3291,2184
3292,1177
3293,10
3294,2201
3295,1879
3296,694
3297,714
3298,1398
3299,2244
3300,3956
3301,239
3302,3777
3303,2161
3304,2660
3305,1698
3306,3208
3307,318
3308,2335
3309,2213
3310,343
3311,3680
3312,1463
3313,1993
3314,3940
3315,2294
3316,3261
3317,1203
3318,3858
3319,1573
3320,1811
3321,1420
3322,2798
3323,2455
3324,2016
3325,2740
3326,2586
3327,1912
3328,943
3329,213
3330,2420
3331,2275
3332,3893
3333,3049
3334,1433
3335,419
3336,3543
3337,73
3338,373
3339,487
3340,1001
3341,3285
3342,1246
3343,639
3344,1469
3345,436
3346,1096
3347,1102
3348,3673
3349,2187
3350,1289
3351,891
3352,2219
3353,3553
3354,3144
3355,3796
3356,3665
3357,1920
3358,1931
3359,547
3360,3164
3361,1905
3362,1090
3363,2223
3364,1278
3365,1964
3366,1789
3367,188
3368,140
3369,2671
3370,460
3371,2413
3372,864
3373,3496
3374,1118
3375,999
3376,2146
3377,111
3378,3668
3379,3187
3380,927
3381,2072
3382,2056
3383,3777
3384,3167
3385,187
3386,2415
3387,1847
3388,868
3389,2454
3390,646
3391,119
3392,507
3393,2278
3394,3860
3395,3212
3396,2609
3397,1204
3398,721
3399,3312
3400,1953
3401,543
3402,2087
3403,1297
3404,2217
3405,509
3406,2194
3407,1001
3408,2275
3409,1737
3410,20
3411,988
3412,1525
3413,2828
3414,488
3415,1823
3416,3390
3417,3959
3418,2161
3419,2457
3420,35
3421,1186
3422,3210
3423,2453
3424,206
3425,3623
3426,3871
3427,139
3428,1487
3429,1533
3430,1194
3431,2182
3432,3483
3433,6
3434,1752
3435,1588
3436,1395
3437,3324
3438,2420
3439,3257
3440,2637
3441,2447
3442,2885
3443,2954
3444,3514
3445,765
3446,716
3447,1719
3448,2878
3449,2265
3450,3460
3451,2522
3452,3794
3453,1016
3454,1436
3455,2653
3456,1486
3457,3252
3458,1490
3459,3680
3460,1016
3461,3167
3462,2766
3463,1121
3464,1594
3465,711
3466,2442
3467,981
3468,1106
3469,1783
3470,3354
3471,3012
3472,1023
3473,2495
3474,3591
3475,1196
3476,2307
3477,1589
3478,3609
3479,2220
3480,1215
3481,1455
3482,3657
3483,0
3484,1885
3485,3423
3486,990
3487,3682
3488,2479
3489,394
3490,2506
3491,1269
3492,1773
3493,2775
3494,1508
3495,218
3496,990
3497,1240
3498,3206
3499,1114
3500,1030
3501,4012
3502,1016
3503,2953
3504,1513
3505,3197
3506,760
3507,3019
3508,3182
3509,2217
3510,3232
3511,1115
3512,3907
3513,1530
3514,1269
3515,3503
3516,812
3517,3293
3518,2909
3519,2341
3520,826
3521,612
3522,262
3523,3355
3524,1705
3525,1010
3526,1623
3527,3202
3528,763
3529,1574
3530,520
3531,855
3532,1153
3533,780
3534,422
3535,3983
3536,3278
3537,927
3538,488
3539,1232
3540,3577
3541,3587
3542,2707
3543,3131
3544,3742
3545,1052
3546,3645
3547,2287
3548,1454
3549,3593
3550,1127
3551,1861
3552,3970
3553,2503
3554,201
3555,216
3556,366
3557,1796
3558,3218
3559,3259
3560,1045
3561,136
3562,3186
3563,2098
3564,1698
3565,3835
3566,1945
3567,3422
3568,1952
3569,3572
3570,3973
3571,2003
3572,173
3573,1787
3574,273
3575,991
3576,1536
3577,3599
3578,2373
3579,1049
3580,1659
3581,3210
3582,2259
3583,3558
3584,774
3585,519
3586,270
3587,3854
3588,3093
3589,811
3590,783
3591,28
3592,576
3593,596
3594,749
3595,1181
3596,3190
3597,1840
3598,2208
3599,2958
3600,518
3601,3340
3602,3621
3603,799
3604,2492
3605,3265
3606,1168
3607,2166
3608,1662
3609,1660
3610,1881
3611,2845
3612,563
3613,866
3614,1786
3615,80
3616,2589
3617,1548
3618,3225
3619,2765
3620,3783
3621,1132
3622,838
3623,2516
3624,1358
3625,2892
3626,1729
3627,3971
3628,3012
3629,3347
3630,3415
3631,2183
3632,3915
3633,1550
3634,3376
3635,650
3636,2372
3637,3816
3638,2560
3639,3847
3640,2338
3641,1195
3642,1100
3643,2197
3644,3417
3645,1418
3646,3498
3647,1209
3648,2423
3649,2020
3650,746
3651,2814
3652,1765
3653,1707
3654,3104
3655,782
3656,3715
3657,2012
3658,1102
3659,3176
3660,1566
3661,2017
3662,1210
3663,2708
3664,2045
3665,3589
3666,183
3667,2133
3668,2111
3669,1316
3670,3343
3671,789
3672,3063
3673,2142
3674,1821
3675,648
3676,365
3677,1379
3678,994
3679,339
3680,564
3681,3553
3682,418
3683,2598
3684,2773
3685,1505
3686,441
3687,775
3688,2892
3689,3532
3690,3327
3691,193
3692,3014
3693,607
3694,3468
3695,2495
3696,3952
3697,3143
3698,3331
3699,3538
3700,2645
3701,2632
3702,857
3703,258
3704,940
3705,2561
3706,3737
3707,660
3708,741
3709,2286
3710,76
3711,2196
3712,485
3713,1454
3714,3190
3715,1067
3716,571
3717,1943
3718,2718
3719,2580
3720,854
3721,2408
3722,138
3723,3313
3724,2616
3725,3990
3726,3410
3727,3554
3728,1902
3729,1978
3730,3805
3731,4002
3732,3463
3733,669
3734,3727
3735,519
3736,1994
3737,1036
3738,3080
3739,3609
3740,1307
3741,2107
3742,102
3743,2798
3744,1550
3745,3002
3746,3796
3747,3248
3748,1553
3749,2887
3750,2903
3751,2409
3752,3462
3753,2164
3754,571
3755,2737
3756,846
3757,3012
3758,229
3759,3799
3760,1327
3761,3963
3762,1610
3763,999
3764,3006
3765,2914
3766,2074
3767,3077
3768,1311
3769,2524
3770,2583
3771,3008
3772,1496
3773,134
3774,1426
3775,1855
3776,221
3777,3129
3778,1132
3779,1997
3780,3565
3781,1297
3782,915
3783,3369
3784,3669
3785,3754
3786,2539
3787,6
3788,2949
3789,3886
3790,356
3791,1418
3792,858
3793,266
3794,3683
3795,3448
3796,334
3797,223
3798,591
3799,2184
3800,2839
3801,1928
3802,2635
3803,1655
3804,662
3805,3539
3806,1451
3807,3600
3808,2636
3809,3296
3810,2834
3811,3125
3812,1709
3813,2186
3814,3338
3815,591
3816,2041
3817,1055
3818,827
3819,3789
3820,2030
3821,3523
3822,3144
3823,142
3824,2196
3825,1950
3826,2018
3827,522
3828,2250
3829,272
3830,259
3831,1087
3832,1293
3833,289
3834,168
3835,2427
3836,196
3837,4014
3838,1492
3839,2504
3840,1494
3841,2227
3842,1650
3843,809
3844,2873
3845,1658
3846,3469
3847,1013
3848,778
3849,392
3850,2942
3851,583
3852,473
3853,2388
3854,2222
3855,1142
3856,1839
3857,3225
3858,890
3859,3659
3860,3382
3861,2881
3862,2528
3863,1007
3864,2974
3865,1495
3866,928
3867,1726
3868,2464
3869,3686
3870,979
3871,3650
3872,3435
3873,1442
3874,1749
3875,1870
3876,2020
3877,3674
3878,2558
3879,211
3880,1504
3881,1164
3882,1929
3883,559
3884,1705
3885,2119
3886,2749
3887,2409
3888,856
3889,3827
3890,959
3891,207
3892,1533
3893,3620
3894,2305
3895,3532
3896,1789
3897,662
3898,3516
3899,3278
3900,565
3901,3087
3902,1612
3903,2113
3904,2827
3905,2171
3906,3289
3907,3298
3908,924
3909,2930
3910,2919
3911,2331
3912,3323
3913,2575
3914,931
3915,970
3916,2189
3917,2002
3918,237
3919,3527
3920,1660
3921,3460
3922,1280
3923,3757
3924,2688
3925,3018
3926,1083
3927,3335
3928,3640
3929,3581
3930,3893
3931,2712
3932,473
3933,227
3934,187
3935,2714
3936,3623
3937,3812
3938,1503
3939,1321
3940,1669
3941,2143
3942,395
3943,229
3944,1308
3945,3012
3946,2158
3947,311
3948,1502
3949,485
3950,3093
3951,620
3952,3170
3953,1345
3954,2808
3955,1997
3956,197
3957,3240
3958,2616
3959,1115
3960,1256
3961,488
3962,1475
3963,2614
3964,3216
3965,3546
3966,276
3967,3294
3968,1046
3969,884
3970,1714
3971,16
3972,2786
3973,1039
3974,1117
3975,3124
3976,981
3977,370
3978,3560
3979,1354
3980,1477
3981,1199
3982,1565
3983,3718
3984,3732
3985,3873
3986,333
3987,2157
3988,10
3989,3962
3990,580
3991,677
3992,2843
3993,1904
3994,218
3995,2617
3996,1423
3997,304
3998,1680
3999,2427
4000,3737
4001,261
4002,1072
4003,2880
4004,2676
4005,1914
4006,1056
4007,1213
4008,66
4009,3337
4010,1542
4011,2974
4012,648
4013,1112
4014,823
4015,2311
4016,446
4017,1999
4018,3229
4019,67
4020,2476
4021,1875
4022,2373
4023,3609
4024,3424
4025,793
4026,2132
4027,1530
4028,3783
4029,3415
4030,1630
4031,3845
4032,331
4033,2566
4034,626
4035,1376
4036,3269
4037,3618
4038,75
4039,1294
4040,3141
4041,2035
4042,3330
4043,1610
4044,983
4045,1411
4046,664
4047,2386
4048,3703
4049,2332
4050,1389
4051,1703
4052,1627
4053,616
4054,2305
4055,87
4056,290
4057,1399
4058,2343
4059,1800
4060,411
4061,3458
4062,2572
4063,2181
4064,2549
4065,2158
4066,1104
4067,3991
4068,313
4069,744
4070,3490
4071,3902
4072,3806
4073,3987
4074,1343
4075,1255
4076,967
4077,1265
4078,3282
4079,3490
4080,3589
4081,3091
4082,242
4083,1970
4084,171
4085,257
4086,2841
4087,765
4088,2070
4089,1502
4090,97
4091,2610
4092,2856
4093,3311
4094,3530
4095,3908
4096,3715
4097,1235
4098,1214
4099,1197
4100,1245
4101,126
4102,269
4103,3994
4104,2460
4105,3500
4106,1590
4107,3679
4108,2066
4109,2414
4110,1340
4111,2422
4112,824
4113,867
4114,1516
4115,2816
4116,194
4117,2812
4118,3572
4119,3299
4120,665
4121,1395
4122,488
4123,3726
4124,2965
4125,1961
4126,1769
4127,1557
4128,1371
4129,2417
4130,2147
4131,176
4132,2807
4133,2069
4134,1608
4135,4013
4136,796
4137,1377
4138,1973
4139,2985
4140,2970
4141,1364
4142,1622
4143,403
4144,953
4145,3917
4146,1271
4147,887
4148,2963
4149,3187
4150,272
4151,2424
4152,1477
4153,277
4154,1885
4155,2009
4156,2556
4157,2272
4158,3485
4159,2496
4160,89
4161,2235
4162,3042
4163,321
4164,127
4165,2192
4166,2733
4167,1590
4168,2346
4169,1738
4170,3164
4171,1630
4172,1834
4173,836
4174,1957
4175,2728
4176,2993
4177,2456
4178,1040
4179,2828
4180,1055
4181,3323
4182,3703
4183,3095
4184,3135
4185,3696
4186,690
4187,3598
4188,3558
4189,1573
4190,3734
4191,1619
4192,2830
4193,3625
4194,3749
4195,1047
4196,2522
4197,3321
4198,276
4199,2851
4200,1068
4201,3106
4202,2069
4203,2724
4204,2088
4205,1170
4206,1720
4207,1172
4208,892
4209,3395
4210,2979
4211,3627
4212,1425
4213,1676
4214,395
4215,371
4216,1643
4217,3927
4218,678
4219,169
4220,2323
4221,3782
4222,540
4223,3331
4224,197
4225,3196
4226,3403
4227,631
4228,3856
4229,332
4230,1341
4231,3877
4232,80
4233,95
4234,2330
4235,3561
4236,2370
4237,2758
4238,2795
4239,2406
4240,999
4241,3078
4242,3510
4243,3328
4244,2720
4245,336
4246,2005
4247,1857
4248,3092
4249,2073
4250,1217
4251,3574
4252,2668
4253,2981
4254,3971
4255,2036
4256,136
4257,3443
4258,2369
4259,3857
4260,3167
4261,924
4262,240
4263,3261
4264,3142
4265,569
4266,1036
4267,123
4268,1189
4269,4001
4270,210
4271,2896
4272,3885
4273,2399
4274,1883
4275,659
4276,2950
4277,1926
4278,2646
4279,1127
4280,3716
4281,401
4282,2448
4283,2393
4284,3046
4285,3510
4286,1432
4287,2826
4288,2611
4289,3782
4290,1244
4291,2089
4292,787
4293,2442
4294,2794
4295,901
4296,3626
4297,521
4298,638
4299,727
4300,150
4301,54
4302,2690
4303,1485
4304,2371
4305,602
4306,991
4307,1083
4308,1461
4309,2437
4310,359
4311,16
4312,2163
4313,585
4314,2851
4315,636
4316,3751
4317,2424
4318,1556
4319,1200
4320,1467
4321,42
4322,2958
4323,2404
4324,1083
4325,2794
4326,1255
4327,1819
4328,464
4329,3080
4330,3156
4331,3829
4332,1136
4333,3407
4334,1429
4335,2640
4336,1649
4337,1601
4338,1744
4339,2604
4340,3819
4341,2952
4342,92
4343,2753
4344,1073
4345,2201
4346,1905
4347,1347
4348,1447
4349,220
4350,367
4351,3716
4352,3169
4353,1125
4354,1332
4355,757
4356,1836
4357,446
4358,1459
4359,702
4360,1178
4361,1861
4362,1989
4363,2468
4364,1854
4365,1471
4366,1564
4367,2636
4368,1563
4369,3175
4370,146
4371,4015
4372,2055
4373,2582
4374,2419
4375,751
4376,3036
4377,971
4378,2734
4379,4
4380,1875
4381,53
4382,2549
4383,3444
4384,1140
4385,910
4386,3749
4387,581
4388,2171
4389,445
4390,3029
4391,106
4392,2341
4393,3053
4394,1725
4395,3480
4396,3032
4397,2108
4398,883
4399,1174
4400,2317
4401,2902
4402,2068
4403,3498
4404,3669
4405,785
4406,3838
4407,2745
4408,1732
4409,2527
4410,123
4411,302
4412,2327
4413,3964
4414,1261
4415,851
4416,3068
4417,635
4418,1131
4419,2816
4420,3977
4421,2218
4422,3366
4423,3550
4424,3727
4425,314
4426,3991
4427,40
4428,418
4429,2721
4430,1773
4431,2682
4432,3506
4433,2676
4434,668
4435,910
4436,2744
4437,3237
4438,3449
4439,1442
4440,513
4441,2856
4442,2877
4443,2778
4444,578
4445,858
4446,2664
4447,2039
4448,2359
4449,2300
4450,714
4451,3455
4452,1375
4453,2631
4454,3197
4455,2804
4456,1918
4457,1712
4458,3874
4459,603
4460,1758
4461,475
4462,2808
4463,3361
4464,1655
4465,1777
4466,639
4467,3600
4468,1093
4469,2912
4470,1484
4471,495
4472,2183
4473,1516
4474,1401
4475,3565
4476,212
4477,1017
4478,1909
4479,2735
4480,1743
4481,3760
4482,856
4483,3374
4484,896
4485,2269
4486,2753
4487,2933
4488,1284
4489,95
4490,2860
4491,2978
4492,3347
4493,2314
4494,3940
4495,161
4496,204
4497,3090
4498,350
4499,3609
4500,2245
4501,3073
4502,2021
4503,2471
4504,661
4505,2102
4506,3471
4507,3826
4508,3129
4509,3807
4510,385
4511,761
4512,628
4513,1865
4514,1186
4515,563
4516,3452
4517,2717
4518,1380
4519,2474
4520,3391
4521,3111
4522,802
4523,2570
4524,2451
4525,958
4526,2955
4527,4016
4528,1022
4529,2221
4530,679
4531,423
4532,47
4533,2795
4534,2350
4535,1156
4536,2173
4537,3536
4538,737
4539,1405
4540,245
4541,1316
4542,1519
4543,2801
4544,1234
4545,248
4546,3989
4547,1377
4548,303
4549,3133
4550,2858
4551,3210
4552,1156
4553,1721
4554,777
4555,2551
4556,109
4557,1634
4558,1058
4559,3687
4560,2816
4561,2656
4562,3368
4563,1532
4564,502
4565,3252
4566,667
4567,617
4568,2300
4569,1361
4570,2386
4571,3816
4572,1140
4573,1806
4574,236
4575,290
4576,2469
4577,913
4578,1443
4579,2957
4580,2544
4581,3543
4582,1219
4583,2245
4584,228
4585,731
4586,3082
4587,3684
4588,2833
4589,3789
4590,2207
4591,1957
4592,3780
4593,341
4594,201
4595,436
4596,1290
4597,964
4598,19
4599,1456
4600,2213
4601,3020
4602,1605
4603,1677
4604,3315
4605,391
4606,690
4607,3635
4608,295
4609,2180
4610,2018
4611,818
4612,3435
4613,2006
4614,2146
4615,138
4616,988
4617,1022
4618,3249
4619,1500
4620,2119
4621,3245
4622,1748
4623,2279
4624,574
4625,2946
4626,2442
4627,2714
4628,314
4629,1146
4630,2271
4631,3500
4632,3788
4633,2122
4634,3039
4635,3920
4636,504
4637,948
4638,978
4639,2849
4640,3377
4641,2484
4642,3270
4643,915
4644,2329
4645,2219
4646,132
4647,3783
4648,3717
4649,3812
4650,2040
4651,3225
4652,3489
4653,3229
4654,3751
4655,369
4656,2179
4657,3768
4658,3068
4659,2862
4660,495
4661,90
4662,833
4663,559
4664,532
4665,152
4666,3984
4667,3723
4668,356
4669,2583
4670,1127
4671,3157
4672,3445
4673,1568
4674,3152
4675,2369
4676,3809
4677,686
4678,869
4679,3381
4680,944
4681,1088
4682,3536
4683,2022
4684,3049
4685,545
4686,3602
4687,180
4688,3630
4689,2233
4690,3861
4691,1381
4692,13
4693,82
4694,595
4695,1422
4696,1142
4697,3123
4698,1704
4699,2555
4700,920
4701,3078
4702,2633
4703,1524
4704,104
4705,3875
4706,1954
4707,39
4708,2324
4709,1964
4710,705
4711,1180
4712,1647
4713,2471
4714,3893
4715,2069
4716,2080
4717,2164
4718,3096
4719,3556
4720,2830
4721,1472
4722,3628
4723,1748
4724,2642
4725,1598
4726,717
4727,2275
4728,3832
4729,3796
4730,2616
4731,1520
4732,2075
4733,2217
4734,1284
4735,1507
4736,1016
4737,475
4738,2446
4739,1664
4740,777
4741,3345
4742,1351
4743,2347
4744,1450
4745,2361
4746,3191
4747,642
4748,1277
4749,948
4750,2858
4751,2060
4752,1961
4753,1480
4754,928
4755,3296
4756,1416
4757,1533
4758,3596
4759,3550
4760,3480
4761,1924
4762,869
4763,1533
4764,3174
4765,1487
4766,3290
4767,1337
4768,1547
4769,2381
4770,422
4771,2981
4772,1736
4773,2516
4774,2306
4775,4018
4776,3656
4777,2205
4778,3578
4779,4000
4780,137
4781,3586
4782,1909
4783,2729
4784,3054
4785,376
4786,2319
4787,1223
4788,2360
4789,2364
4790,247
4791,3462
4792,459
4793,2522
4794,1755
4795,1888
4796,1079
4797,1785
4798,2508
4799,3690
4800,722
4801,3461
4802,1062
4803,435
4804,1634
4805,3279
4806,3113
4807,2610
4808,518
4809,2433
4810,3489
4811,1142
4812,2728
4813,568
4814,2945
4815,2829
4816,2544
4817,2631
4818,722
4819,1460
4820,1207
4821,1244
4822,83
4823,1837
4824,2461
4825,863
4826,1378
4827,1688
4828,1056
4829,2267
4830,3535
4831,3332
4832,1381
4833,1581
4834,84
4835,3824
4836,1492
4837,3735
4838,2567
4839,3264
4840,2525
4841,1363
4842,224
4843,2571
4844,3909
4845,2952
4846,3833
4847,898
4848,2572
4849,268
4850,3353
4851,3102
4852,2847
4853,891
4854,1247
4855,32
4856,610
4857,274
4858,3537
4859,2917
4860,913
4861,230
4862,35
4863,2410
4864,3578
4865,2267
4866,3181
4867,3369
4868,2460
4869,2496
4870,2910
4871,438
4872,891
4873,1502
4874,492
4875,3869
4876,3565
4877,2691
4878,2349
4879,3315
4880,2391
4881,1704
4882,1313
4883,638
4884,1365
4885,3712
4886,1972
4887,703
4888,1560
4889,901
4890,3430
4891,2279
4892,2185
4893,2546
4894,1967
4895,868
4896,1737
4897,1151
4898,3355
4899,477
4900,4010
4901,140
4902,1804
4903,1870
4904,521
4905,2282
4906,2069
4907,925
4908,1106
4909,2681
4910,657
4911,765
4912,1678
4913,2718
4914,970
4915,3574
4916,3295
4917,374
4918,2210
4919,40
4920,1649
4921,1906
4922,867
4923,1996
4924,2168
4925,1628
4926,2556
4927,1166
4928,3185
4929,504
4930,1693
4931,678
4932,596
4933,3191
4934,2068
4935,381
4936,503
4937,1030
4938,2464
4939,284
4940,442
4941,2971
4942,514
4943,2651
4944,278
4945,3994
4946,472
4947,881
4948,694
4949,1804
4950,3760
4951,163
4952,3306
4953,653
4954,2219
4955,3695
4956,9
4957,4019
4958,3750
4959,3356
4960,1697
4961,3043
4962,316
4963,2769
4964,2082
4965,672
4966,1793
4967,3522
4968,2460
4969,3963
4970,1030
4971,15
4972,972
4973,2123
4974,554
4975,1434
4976,2260
4977,2450
4978,2494
4979,1703
4980,500
4981,1779
4982,3919
4983,872
4984,3539
4985,3555
4986,720
4987,36
4988,1475
4989,92
4990,3293
4991,3530
4992,2650
4993,2274
4994,553
4995,3604
4996,494
4997,3045
4998,141
4999,1147
5000,787
5001,1988
5002,434
5003,1141
5004,3861
5005,2503
5006,1762
5007,3143
5008,3332
5009,82
5010,3395
5011,2122
5012,59
5013,1130
5014,2752
5015,793
5016,1356
5017,461
5018,1217
5019,2913
5020,2797
5021,91
5022,3517
5023,3979
5024,3615
5025,2429
5026,2085
5027,3529
5028,2998
5029,1340
5030,3221
5031,1610
5032,744
5033,3712
5034,3166
5035,3277
5036,2776
5037,1470
5038,1558
5039,3689
5040,1846
5041,397
5042,2753
5043,591
5044,750
5045,3056
5046,1765
5047,1647
5048,1075
5049,914
5050,238
5051,2312
5052,928
5053,1686
5054,1773
5055,1772
5056,3195
5057,2412
5058,3219
5059,791
5060,960
5061,993
5062,1532
5063,1043
5064,3609
5065,2682
5066,245
5067,17
5068,704
5069,185
5070,2588
5071,3560
5072,1843
5073,2976
5074,2732
5075,1172
5076,3689
5077,1662
5078,2077
5079,2610
5080,2255
5081,526
5082,3761
5083,1837
5084,397
5085,3859
5086,2602
5087,3569
5088,2308
5089,2078
5090,2744
5091,380
5092,105
5093,1012
5094,3767
5095,3556
5096,2441
5097,2768
5098,3953
5099,1166
5100,1043
5101,1365
5102,3533
5103,2847
5104,2547
5105,3575
5106,1375
5107,654
5108,970
5109,1338
5110,1187
5111,962
5112,284
5113,2633
5114,2005
5115,2176
5116,3456
5117,1388
5118,968
5119,2247
5120,986
5121,2164
5122,3546
5123,1879
5124,704
5125,1385
5126,841
5127,1439
5128,3571
5129,1110
5130,1482
5131,188
5132,2250
5133,785
5134,1083
5135,3163
5136,1268
5137,330
5138,3029
5139,2702
5140,2930
5141,952
5142,1925
5143,2626
5144,674
5145,2074
5146,1341
5147,2670
5148,74
5149,2803
5150,3518
5151,704
5152,494
5153,3120
5154,585
5155,3125
5156,332
5157,3009
5158,2236
5159,855
5160,187
5161,151
5162,2239
5163,3196
5164,2852
5165,585
5166,3749
5167,3615
5168,1614
5169,2659
5170,2123
5171,3545
5172,3945
5173,2833
5174,116
5175,2011
5176,3896
5177,2997
5178,165
5179,170
5180,1130
5181,1223
5182,3944
5183,886
5184,3565
5185,3300
5186,2217
5187,1417
5188,3424
5189,1867
5190,3181
5191,3977
5192,1184
5193,997
5194,2454
5195,2256
5196,406
5197,2751
5198,1646
5199,3929
5200,2487
5201,1863
5202,1524
5203,2537
5204,1713
5205,3546
5206,579
5207,1845
5208,1358
5209,2187
5210,834
5211,3945
5212,873
5213,3602
5214,3715
5215,859
5216,1831
5217,1458
5218,1500
5219,3644
5220,1302
5221,2685
5222,3266
5223,2413
5224,2965
5225,3227
5226,3574
5227,927
5228,3152
5229,3649
5230,241
5231,653
5232,127
5233,940
5234,3143
5235,1509
5236,1853
5237,2389
5238,2706
5239,2320
5240,1567
5241,2497
5242,117
5243,3377
5244,2964
5245,2633
5246,106
5247,1432
5248,2679
5249,2569
5250,1239
5251,800
5252,249
5253,2254
5254,568
5255,2491
5256,93
5257,2824
5258,2234
5259,1516
5260,1118
5261,3300
5262,1003
5263,2787
5264,3244
5265,2142
5266,1087
5267,3785
5268,3231
5269,915
5270,1910
5271,2148
5272,3927
5273,2231
5274,254
5275,352
5276,2504
5277,3065
5278,2408
5279,2896
5280,2603
5281,334
5282,1124
5283,3020
5284,652
5285,2044
5286,208
5287,3091
5288,1551
5289,1808
5290,1537
5291,2919
5292,1439
5293,1737
5294,879
5295,1951
5296,2812
5297,857
5298,2913
5299,3669
5300,3518
5301,595
5302,184
5303,1249
5304,1471
5305,3964
5306,364
5307,2510
5308,2736
5309,2768
5310,2910
5311,2342
5312,61
5313,2660
5314,3424
5315,763
5316,166
5317,3327
5318,3854
5319,2857
5320,55
5321,549
5322,3708
5323,2839
5324,3887
5325,1966
5326,770
5327,202
5328,1382
5329,1697
5330,3329
5331,1339
5332,1335
5333,1553
5334,2170
5335,3843
5336,312
5337,2233
5338,2505
5339,3704
5340,2403
5341,2848
5342,1981
5343,1771
5344,897
5345,3696
5346,3051
5347,2886
5348,1753
5349,51
5350,2299
5351,1091
5352,1620
5353,2319
5354,1518
5355,1519
5356,2622
5357,2658
5358,1643
5359,3592
5360,825
5361,2568
5362,3083
5363,2671
5364,635
5365,3928
5366,1014
5367,3039
5368,3129
5369,1290
5370,3773
5371,1039
5372,953
5373,1112
5374,3311
5375,153
5376,2344
5377,1439
5378,3733
5379,3430
5380,3758
5381,740
5382,1638
5383,2439
5384,2912
5385,2811
5386,81
5387,2791
5388,1684
5389,14
5390,2511
5391,3116
5392,3430
5393,2279
5394,3211
5395,923
5396,2119
5397,3441
5398,1039
5399,3154
5400,421
5401,2070
5402,3717
5403,3908
5404,2082
5405,3437
5406,3292
5407,1863
5408,213
5409,319
5410,2698
5411,2903
5412,3647
5413,3
5414,1548
5415,1713
5416,3201
5417,3742
5418,987
5419,1508
5420,3637
5421,970
5422,1585
5423,1857
5424,3836
5425,2920
5426,295
5427,1160
5428,2752
5429,1817
5430,1942
5431,3457
5432,2161
5433,2020
5434,1693
5435,1617
5436,3466
5437,949
5438,1603
5439,3338
5440,279
5441,3468
5442,2907
5443,3722
5444,1507
5445,1379
5446,2172
5447,3411
5448,3051
5449,2805
5450,2076
5451,3207
5452,2763
5453,1662
5454,175
5455,3293
5456,3691
5457,212
5458,3533
5459,335
5460,2567
5461,1996
5462,3901
5463,3851
5464,3044
5465,3697
5466,3936
5467,2373
5468,3719
5469,1249
5470,894
5471,2930
5472,1112
5473,2832
5474,3963
5475,3619
5476,2578
5477,1912
5478,3267
5479,373
5480,1332
5481,2921
5482,3379
5483,2855
5484,728
5485,295
5486,152
5487,3854
5488,3950
5489,3128
5490,2577
5491,1810
5492,3672
5493,552
5494,3126
5495,1683
5496,3379
5497,762
5498,1138
5499,688
5500,77
5501,1348
5502,1972
5503,2126
5504,2196
5505,1641
5506,3900
5507,3952
5508,435
5509,288
5510,2884
5511,1184
5512,3951
5513,150
5514,3835
5515,698
5516,2391
5517,341
5518,2389
5519,2486
5520,2980
5521,2908
5522,948
5523,1155
5524,3972
5525,490
5526,1318
5527,2289
5528,3087
5529,973
5530,752
5531,1984
5532,1801
5533,1691
5534,3886
5535,952
5536,3886
5537,310
5538,2389
5539,1932
5540,3579
5541,3300
5542,43
5543,1962
5544,868
5545,3818
5546,118
5547,813
5548,3961
5549,593
5550,1754
5551,2375
5552,2408
5553,1350
5554,1102
5555,2582
5556,1487
5557,1056
5558,1021
5559,2004
5560,635
5561,3394
5562,1791
5563,454
5564,1672
5565,1028
5566,2479
5567,393
5568,3547
5569,2546
5570,2007
5571,2973
5572,3923
5573,3994
5574,3373
5575,2744
5576,27
5577,722
5578,1565
5579,2066
5580,3344
5581,2552
5582,2462
5583,2966
5584,2289
5585,811
5586,1720
5587,440
5588,1855
5589,2410
5590,3555
5591,4003
5592,335
5593,205
5594,3538
5595,3252
5596,1442
5597,742
5598,3684
5599,497
5600,3777
5601,1971
5602,195
5603,902
5604,3171
5605,2049
5606,289
5607,1392
5608,3611
5609,1539
5610,2386
5611,1392
5612,2561
5613,1774
5614,1106
5615,103
5616,1185
5617,1879
5618,28
5619,2373
5620,2780
5621,2518
5622,3314
5623,3020
5624,2504
5625,3291
5626,38
5627,2871
5628,2922
5629,2792
5630,1217
5631,3677
5632,1782
5633,3807
5634,2063
5635,2037
5636,2940
5637,2469
5638,2415
5639,1945
5640,3441
5641,1390
5642,3119
5643,3918
5644,3406
5645,664
5646,583
5647,1601
5648,941
5649,1380
5650,3997
5651,2650
5652,132
5653,1663
5654,2684
5655,1153
5656,2305
5657,2135
5658,2718
5659,3267
5660,3091
5661,1462
5662,3392
5663,1212
5664,1921
5665,2851
5666,3756
5667,808
5668,3742
5669,443
5670,2597
5671,1760
5672,1643
5673,924
5674,806
5675,3374
5676,2311
5677,2473
5678,997
5679,1555
5680,2010
5681,961
5682,2905
5683,920
5684,3758
5685,505
5686,820
5687,1786
5688,3546
5689,3363
5690,3045
5691,3057
5692,393
5693,2391
5694,2664
5695,1984
5696,1371
5697,2735
5698,373
5699,2730
5700,3914
5701,2790
5702,2873
5703,3837
5704,550
5705,891
5706,3982
5707,3143
5708,3644
5709,3664
5710,1185
5711,2574
5712,619
5713,3978
5714,3516
5715,3747
5716,1462
5717,584
5718,3819
5719,3606
5720,1889
5721,572
5722,304
5723,3991
5724,420
5725,2424
5726,647
5727,63
5728,2844
5729,1373
5730,2039
5731,1239
5732,1065
5733,876
5734,2406
5735,622
5736,742
5737,236
5738,2982
5739,2704
5740,313
5741,690
5742,824
5743,2690
5744,302
5745,1239
5746,3039
5747,370
5748,3692
5749,161
5750,3734
5751,141
5752,2851
5753,58
5754,1534
5755,705
5756,2091
5757,1436
5758,1457
5759,208
5760,1244
5761,1755
5762,3752
5763,3606
5764,2295
5765,1745
5766,3367
5767,3426
5768,1700
5769,3995
5770,1418
5771,3328
5772,1111
5773,3617
5774,3003
5775,37
5776,549
5777,3659
5778,3816
5779,743
5780,3160
5781,548
5782,3388
5783,90
5784,1584
5785,2462
5786,2317
5787,3538
5788,3881
5789,3258
5790,3787
5791,2086
5792,3291
5793,2660
5794,52
5795,1227
5796,296
5797,3795
5798,3537
5799,1471
5800,507
5801,952
5802,1312
5803,733
5804,4014
5805,3609
5806,2572
5807,976
5808,3325
5809,854
5810,11
5811,825
5812,1570
5813,2264
5814,1341
5815,1505
5816,1040
5817,1848
5818,2973
5819,1617
5820,522
5821,3584
5822,886
5823,1735
5824,3990
5825,2035
5826,1145
5827,1969
5828,3358
5829,1999
5830,2817
5831,2190
5832,3224
5833,84
5834,2741
5835,378
5836,995
5837,2398
5838,416
5839,3831
5840,786
5841,310
5842,4019
5843,3105
5844,1780
5845,3326
5846,1839
5847,1002
5848,2769
5849,3324
5850,1990
5851,874
5852,580
5853,1043
5854,612
5855,1840
5856,640
5857,837
5858,4024
5859,417
5860,1457
5861,1869
5862,3119
5863,3696
5864,3851
5865,2066
5866,3095
5867,2871
5868,3573
5869,898
5870,2110
5871,2075
5872,3629
5873,702
5874,1505
5875,3012
5876,2680
5877,79
5878,3918
5879,3694
5880,3974
5881,166
5882,1981
5883,308
5884,2032
5885,411
5886,228
5887,1746
5888,791
5889,3746
5890,869
5891,3144
5892,1061
5893,3634
5894,1186
5895,402
5896,3117
5897,854
5898,1257
5899,2532
5900,3375
5901,2084
5902,1107
5903,956
5904,3420
5905,627
5906,2430
5907,1459
5908,2093
5909,3396
5910,1907
5911,3629
5912,2494
5913,2493
5914,954
5915,538
5916,3072
5917,1636
5918,611
5919,3812
5920,3622
5921,3761
5922,1132
5923,2140
5924,3157
5925,507
5926,1721
5927,397
5928,3579
5929,2051
5930,321
5931,193
5932,2259
5933,185
5934,3858
5935,1735
5936,50
5937,2541
5938,1592
5939,1293
5940,2643
5941,2059
5942,401
5943,3350
5944,2039
5945,557
5946,1883
5947,3180
5948,1612
5949,79
5950,1465
5951,4015
5952,271
5953,3657
5954,1616
5955,3936
5956,538
5957,3013
5958,1037
5959,3261
5960,3032
5961,1888
5962,1444
5963,723
5964,3558
5965,491
5966,729
5967,945
5968,1086
5969,1497
5970,1805
5971,1993
5972,2196
5973,2840
5974,3369
5975,755
5976,3546
5977,3946
5978,902
5979,3951
5980,12
5981,1513
5982,830
5983,2221
5984,566
5985,1541
5986,3503
5987,774
5988,138
5989,723
5990,2220
5991,2402
5992,421
5993,82
5994,2183
5995,2921
5996,3436
5997,3318
5998,3567
5999,3984
6000,2189
6001,2749
6002,76
6003,457
6004,3537
6005,1016
6006,2744
6007,3589
6008,3921
6009,2391
6010,1666
6011,2726
6012,323
6013,1069
6014,1067
6015,1050
6016,2461
6017,2411
6018,103
6019,1151
6020,3708
6021,19
6022,321
6023,963
6024,572
6025,307
6026,988
6027,444
6028,619
6029,3775
6030,1366
6031,2828
6032,2284
6033,2799
6034,797
6035,532
6036,1331
6037,2443
6038,1373
6039,1615
6040,2928
6041,3844
6042,446
6043,2964
6044,2778
6045,2867
6046,55
6047,916
6048,2709
6049,3842
6050,289
6051,407
6052,3815
6053,1215
6054,1583
6055,2242
6056,2274
6057,3690
6058,1162
6059,1537
6060,1985
6061,1908
6062,3914
6063,2510
6064,664
6065,3487
6066,3093
6067,3004
6068,666
6069,1776
6070,1534
6071,3382
6072,994
6073,2044
6074,30
6075,703
6076,1811
6077,1819
6078,3708
6079,1926
6080,1747
6081,1097
6082,4
6083,2537
6084,179
6085,2723
6086,520
6087,2959
6088,621
6089,239
6090,646
6091,2293
6092,2322
6093,3370
6094,2481
6095,3429
6096,1526
6097,3878
6098,3318
6099,472
6100,2656
6101,2235
6102,2544
6103,3346
6104,513
6105,82
6106,2222
6107,3318
6108,1906
6109,1247
6110,3754
6111,2701
6112,2452
6113,3138
6114,2576
6115,2812
6116,3339
6117,924
6118,3647
6119,1236
6120,1453
6121,2545
6122,973
6123,1419
6124,2487
6125,2548
6126,2210
6127,2181
6128,2144
6129,473
6130,3559
6131,907
6132,247
6133,2971
6134,443
6135,3042
6136,2537
6137,705
6138,2302
6139,3480
6140,2576
6141,372
6142,115
6143,1638
6144,149
6145,1106
6146,3809
6147,3880
6148,1082
6149,1883
6150,3233
6151,2446
6152,2029
6153,2950
6154,3128
6155,731
6156,2859
6157,975
6158,1204
6159,3898
6160,3937
6161,2849
6162,1226
6163,1494
6164,1132
6165,553
6166,3373
6167,1258
6168,3993
6169,3501
6170,189
6171,2027
6172,1936
6173,963
6174,664
6175,3398
6176,202
6177,3465
6178,304
6179,648
6180,1208
6181,2964
6182,3563
6183,834
6184,2045
6185,3310
6186,314
6187,788
6188,1851
6189,3860
6190,212
6191,2494
6192,2144
6193,3187
6194,220
6195,2688
6196,2515
6197,2245
6198,2452
6199,1153
6200,2126
6201,2743
6202,3373
6203,384
6204,2471
6205,1083
6206,2282
6207,888
6208,2393
6209,968
6210,1648
6211,3638
6212,2066
6213,2632
6214,2734
6215,2234
6216,3426
6217,992
6218,3704
6219,1591
6220,3933
6221,932
6222,2295
6223,2041
6224,794
6225,2728
6226,2783
6227,3041
6228,3320
6229,3025
6230,1483
6231,3548
6232,492
6233,2196
6234,1180
6235,4017
6236,3584
6237,2532
6238,1603
6239,535
6240,828
6241,2381
6242,944
6243,3060
6244,1124
6245,3706
6246,2956
6247,3316
6248,3976
6249,2364
6250,2843
6251,2565
6252,1281
6253,221
6254,3994
6255,1388
6256,2736
6257,878
6258,977
6259,2479
6260,1964
6261,124
6262,3948
6263,3025
6264,3660
6265,391
6266,3096
6267,3022
6268,1697
6269,1553
6270,2539
6271,688
6272,3857
6273,2369
6274,1779
6275,2309
6276,3097
6277,2088
6278,3680
6279,2915
6280,2852
6281,961
6282,6
6283,3420
6284,4
6285,2888
6286,3260
6287,113
6288,2381
6289,843
6290,1567
6291,1983
6292,1593
6293,812
6294,3874
6295,2311
6296,1958
6297,2249
6298,2415
6299,2134
6300,1009
6301,2936
6302,1410
6303,304
6304,464
6305,3716
6306,3266
6307,1237
6308,1690
6309,1503
6310,600
6311,2224
6312,3692
6313,2072
6314,374
6315,694
6316,4011
6317,3405
6318,3119
6319,1667
6320,2814
6321,3600
6322,312
6323,3756
6324,1972
6325,1204
6326,2
6327,2960
6328,995
6329,2908
6330,1477
6331,1813
6332,3238
6333,3225
6334,2396
6335,3467
6336,3570
6337,1875
6338,3570
6339,1210
6340,1424
6341,784
6342,1860
6343,2319
6344,3960
6345,3561
6346,3731
6347,2778
6348,2394
6349,3087
6350,1853
6351,4007
6352,3929
6353,1303
6354,478
6355,3359
6356,3228
6357,1592
6358,1399
6359,3145
6360,51
6361,2430
6362,246
6363,4024
6364,1916
6365,532
6366,557
6367,1579
6368,2093
6369,637
6370,1578
6371,1123
6372,1438
6373,2571
6374,1846
6375,3606
6376,1831
6377,2949
6378,4017
6379,85
6380,3685
6381,2367
6382,111
6383,3163
6384,2388
6385,2138
6386,3290
6387,2955
6388,2828
6389,927
6390,236
6391,2196
6392,305
6393,610
6394,2050
6395,2899
6396,3603
6397,2570
6398,2403
6399,2976
6400,3353
6401,3954
6402,3453
6403,1099
6404,1758
6405,2204
6406,1219
6407,1650
6408,3674
6409,685
6410,2903
6411,302
6412,3429
6413,3492
6414,1635
6415,2463
6416,380
6417,3637
6418,3735
6419,2848
6420,366
6421,3238
6422,3406
6423,2916
6424,1158
6425,3663
6426,437
6427,2204
6428,2386
6429,1216
6430,1022
6431,3169
6432,607
6433,1810
6434,2329
6435,2724
6436,99
6437,1748
6438,3038
6439,3698
6440,409
6441,1797
6442,3494
6443,3723
6444,1471
6445,974
6446,2619
6447,1243
6448,1389
6449,1591
6450,2859
6451,3866
6452,3846
6453,3575
6454,2609
6455,1148
6456,2105
6457,3346
6458,2662
6459,1104
6460,54
6461,3135
6462,1039
6463,2614
6464,1743
6465,3003
6466,2059
6467,632
6468,1930
6469,3014
6470,3355
6471,871
6472,1623
6473,560
6474,3047
6475,2082
6476,2111
6477,1755
6478,2939
6479,1362
6480,3624
6481,3781
6482,1483
6483,2904
6484,2625
6485,553
6486,4008
6487,2095
6488,2019
6489,3096
6490,3372
6491,3618
6492,2585
6493,578
6494,3546
6495,706
6496,1411
6497,1217
6498,193
6499,2196
6500,2262
6501,1515
6502,284
6503,3905
6504,2782
6505,2689
6506,3561
6507,1010
6508,438
6509,1736
6510,3759
6511,2469
6512,2318
6513,3097
6514,430
6515,2665
6516,1493
6517,1979
6518,1711
6519,2879
6520,3307
6521,276
6522,409
6523,1883
6524,2132
6525,3289
6526,3282
6527,4005
6528,3948
6529,3018
6530,1232
6531,1051
6532,2543
6533,947
6534,2013
6535,207
6536,1815
6537,3726
6538,3912
6539,1789
6540,491
6541,2726
6542,2119
6543,3837
6544,3101
6545,1374
6546,3801
6547,2138
6548,24
6549,492
6550,2599
6551,2679
6552,3221
6553,2743
6554,2908
6555,2077
6556,1129
6557,3397
6558,2817
6559,2505
6560,3109
6561,471
6562,3186
6563,3338
6564,1032
6565,3586
6566,124
6567,808
6568,2164
6569,1641
6570,2308
6571,2101
6572,2560
6573,3848
6574,423
6575,535
6576,1210
6577,1290
6578,3943
6579,3249
6580,3207
6581,2903
6582,249
6583,10
6584,1614
6585,3717
6586,2910
6587,1472
6588,3152
6589,1223
6590,2327
6591,3724
6592,741
6593,3099
6594,2960
6595,2290
6596,237
6597,1473
6598,963
6599,3912
6600,3642
6601,1222
6602,2636
6603,1519
6604,1877
6605,2696
6606,2173
6607,807
6608,323
6609,1871
6610,906
6611,2970
6612,795
6613,3335
6614,1321
6615,394
6616,3867
6617,2565
6618,1396
6619,753
6620,555
6621,1503
6622,406
6623,1048
6624,1075
6625,385
6626,2693
6627,1696
6628,1163
6629,3916
6630,1171
6631,2862
6632,1374
6633,298
6634,1286
6635,738
6636,2141
6637,2647
6638,3931
6639,3421
6640,687
6641,2037
6642,1488
6643,2557
6644,759
6645,204
6646,2336
6647,1230
6648,2520
6649,1755
6650,1115
6651,599
6652,3420
6653,3306
6654,2199
6655,447
6656,222
6657,2971
6658,2665
6659,3401
6660,1317
6661,2221
6662,2925
6663,1210
6664,151
6665,3310
6666,1715
6667,547
6668,2856
6669,88
6670,1813
6671,249
6672,3902
6673,104
6674,834
6675,1172
6676,846
6677,150
6678,3893
6679,1912
6680,2545
6681,806
6682,0
6683,3919
6684,2436
6685,2031
6686,2861
6687,1707
6688,2757
6689,2973
6690,1233
6691,2413
6692,1326
6693,2556
6694,3581
6695,948
6696,2131
6697,2451
6698,3978
6699,3538
6700,0
6701,2381
6702,2225
6703,3031
6704,3644
6705,156
6706,2155
6707,3633
6708,3694
6709,51
6710,2039
6711,944
6712,3448
6713,559
6714,79
6715,2198
6716,2570
6717,767
6718,701
6719,3036
6720,2535
6721,1284
6722,1713
6723,2891
6724,3712
6725,562
6726,1037
6727,1815
6728,2705
6729,1240
6730,283
6731,1584
6732,3706
6733,3566
6734,2963
6735,2463
6736,1046
6737,2450
6738,1000
6739,632
6740,3549
6741,1751
6742,1120
6743,3971
6744,1284
6745,1086
6746,3497
6747,3011
6748,3720
6749,2320
6750,3085
6751,303
6752,1518
6753,1946
6754,2862
6755,1843
6756,2259
6757,2934
6758,2894
6759,2286
6760,3979
6761,2578
6762,1790
6763,474
6764,1000
6765,3083
6766,3581
6767,2730
6768,192
6769,928
6770,1582
6771,1508
6772,2841
6773,3657
6774,345
6775,448
6776,3027
6777,2237
6778,2912
6779,2776
6780,2260
6781,2972
6782,1837
6783,350
6784,2337
6785,3485
6786,2136
6787,2792
6788,3756
6789,806
6790,1218
6791,3826
6792,2519
6793,174
6794,3681
6795,770
6796,1508
6797,898
6798,3047
6799,3856
6800,722
6801,3460
6802,3808
6803,2381
6804,1178
6805,1491
6806,1376
6807,2677
6808,1829
6809,2099
6810,2305
6811,1117
6812,3959
6813,2367
6814,2465
6815,2884
6816,3137
6817,1283
6818,2341
6819,1117
6820,3418
6821,3697
6822,18
6823,299
6824,2132
6825,415
6826,822
6827,3420
6828,175
6829,1620
6830,3520
6831,3014
6832,1114
6833,1466
6834,85
6835,3280
6836,1858
6837,219
6838,3081
6839,833
6840,1136
6841,3352
6842,3790
6843,3901
6844,1922
6845,3693
6846,40
6847,2516
6848,2086
6849,3402
6850,3596
6851,1396
6852,1071
6853,580
6854,3459
6855,1731
6856,1677
6857,2387
6858,15
6859,3061
6860,3463
6861,3687
6862,2494
6863,3952
6864,2716
6865,1634
6866,1293
6867,2382
6868,1366
6869,3863
6870,2485
6871,588
6872,3111
6873,3639
6874,124
6875,703
6876,3147
6877,1464
6878,2536
6879,893
6880,457
6881,723
6882,1977
6883,3869
6884,2972
6885,1936
6886,939
6887,162
6888,3646
6889,3138
6890,2316
6891,784
6892,3176
6893,503
6894,2195
6895,1941
6896,1846
6897,2283
6898,3233
6899,3621
6900,2219
6901,1966
6902,3372
6903,2472
6904,587
6905,2082
6906,1664
6907,2168
6908,25
6909,464
6910,1357
6911,3442
6912,1741
6913,1023
6914,249
6915,3908
6916,1954
6917,929
6918,2626
6919,3949
6920,1453
6921,1475
6922,124
6923,3278
6924,368
6925,4012
6926,3868
6927,822
6928,1442
6929,3874
6930,555
6931,2658
6932,839
6933,3458
6934,2465
6935,648
6936,610
6937,2080
6938,3643
6939,2459
6940,1499
6941,216
6942,3706
6943,738
6944,2301
6945,2390
6946,3806
6947,3914
6948,3372
6949,722
6950,236
6951,2431
6952,2754
6953,3057
6954,1843
6955,1983
6956,1845
6957,2168
6958,3005
6959,117
6960,2185
6961,2942
6962,1561
6963,1837
6964,1900
6965,1803
6966,62
6967,1540
6968,583
6969,3865
6970,2987
6971,3433
6972,1263
6973,788
6974,2335
6975,1991
6976,3519
6977,2007
6978,243
6979,2389
6980,1088
6981,1706
6982,668
6983,1175
6984,913
6985,2632
6986,3660
6987,1882
6988,892
6989,114
6990,683
6991,1849
6992,176
6993,801
6994,1536
6995,3591
6996,2001
6997,2006
6998,772
6999,1272
7000,3812
7001,3048
7002,942
7003,386
7004,3492
7005,2173
7006,595
7007,492
7008,960
7009,3756
7010,721
7011,2743
7012,1083
7013,3270
7014,1663
7015,3415
7016,2224
7017,413
7018,2073
7019,1836
7020,104
7021,396
7022,2939
7023,503
7024,3446
7025,2510
7026,197
7027,566
7028,2348
7029,1915
7030,308
7031,3817
7032,3712
7033,3624
7034,230
7035,2277
7036,1646
7037,1643
7038,152
7039,653
7040,2580
7041,2415
7042,2641
7043,1810
7044,2453
7045,2388
7046,2306
7047,1623
7048,1129
7049,1411
7050,292
7051,1756
7052,1530
7053,1916
7054,1785
7055,2325
7056,1401
7057,534
7058,2876
7059,485
7060,2327
7061,4023
7062,2213
7063,136
7064,2093
7065,476
7066,1330
7067,140
7068,3686
7069,1780
7070,1347
7071,278
7072,1218
7073,1887
7074,1086
7075,926
7076,4012
7077,1714
7078,3366
7079,3139
7080,664
7081,1402
7082,1929
7083,2810
7084,4020
7085,1952
7086,135
7087,3695
7088,215
7089,2928
7090,2533
7091,2223
7092,1256
7093,3039
7094,1967
7095,3397
7096,2866
7097,3809
7098,1290
7099,3395
7100,633
7101,1909
7102,3952
7103,1226
7104,750
7105,1988
7106,2962
7107,3008
7108,2350
7109,2680
7110,367
7111,2743
7112,1943
7113,65
7114,2514
7115,3439
7116,3834
7117,881
7118,198
7119,654
7120,583
7121,3989
7122,3923
7123,3800
7124,2
7125,447
7126,2091
7127,2508
7128,1086
7129,2213
7130,2253
7131,1295
7132,2029
7133,3541
7134,2943
7135,3446
7136,1879
7137,2758
7138,3195
7139,1751
7140,3212
7141,1716
7142,1530
7143,3589
7144,3142
7145,2756
7146,769
7147,1564
7148,1238
7149,2198
7150,2773
7151,1853
7152,2108
7153,1083
7154,403
7155,1511
7156,2178
7157,1590
7158,3098
7159,2617
7160,2179
7161,2251
7162,3934
7163,3903
7164,3287
7165,1383
7166,3144
7167,681
7168,2152
7169,2809
7170,2249
7171,3396
7172,2732
7173,1281
7174,2143
7175,3507
7176,549
7177,483
7178,573
7179,2043
7180,246
7181,47
7182,2246
7183,665
7184,3063
7185,116
7186,2791
7187,1483
7188,3623
7189,1686
7190,1242
7191,2593
7192,37
7193,2801
7194,2437
7195,1759
7196,3108
7197,2107
7198,710
7199,3540
7200,2590
7201,3238
7202,2847
7203,2645
7204,3700
7205,1151
7206,2921
7207,3761
7208,2876
7209,1363
7210,670
7211,2991
7212,3014
7213,1676
7214,2896
7215,2306
7216,815
7217,96
7218,2969
7219,2991
7220,760
7221,2627
7222,1635
7223,2169
7224,2313
7225,380
7226,3432
7227,1621
7228,40
7229,1314
7230,1955
7231,2374
7232,2575
7233,759
7234,1367
7235,83
7236,1988
7237,325
7238,3708
7239,1095
7240,3821
7241,1064
7242,292
7243,2825
7244,950
7245,2296
7246,2680
7247,1985
7248,3012
7249,3532
7250,953
7251,1970
7252,3152
7253,1661
7254,3801
7255,1591
7256,2056
7257,119
7258,3138
7259,3121
7260,2337
7261,2408
7262,1668
7263,192
7264,1789
7265,3923
7266,1546
7267,2929
7268,1248
7269,3885
7270,2858
7271,1497
7272,651
7273,2385
7274,841
7275,3146
7276,1835
7277,3268
7278,3375
7279,2989
7280,3110
7281,3751
7282,2481
7283,10
7284,3584
7285,51
7286,3592
7287,1274
7288,3049
7289,3580
7290,1959
7291,406
7292,323
7293,856
7294,2419
7295,266
7296,1234
7297,56
7298,2934
7299,2330
7300,1850
7301,399
7302,2884
7303,1633
7304,807
7305,2628
7306,3666
7307,2980
7308,1529
7309,3973
7310,1075
7311,1422
7312,306
7313,130
7314,2603
7315,1473
7316,2917
7317,2386
7318,991
7319,1366
7320,3077
7321,2004
7322,532
7323,3813
7324,969
7325,1048
7326,827
7327,618
7328,648
7329,3535
7330,338
7331,1817
7332,3104
7333,1506
7334,1803
7335,2522
7336,2495
7337,1590
7338,1511
7339,768
7340,435
7341,2554
7342,2775
7343,2666
7344,590
7345,3162
7346,2296
7347,1995
7348,214
7349,3179
7350,3771
7351,1965
7352,2840
7353,266
7354,2315
7355,3268
7356,1701
7357,923
7358,3808
7359,2445
7360,782
7361,3867
7362,2964
7363,317
7364,3970
7365,2508
7366,3306
7367,1007
7368,1405
7369,1404
7370,1900
7371,2063
7372,1597
7373,3172
7374,653
7375,1426
7376,1808
7377,2172
7378,1643
7379,3477
7380,64
7381,1645
7382,2856
7383,237
7384,1933
7385,2159
7386,2212
7387,2274
7388,1765
7389,1641
7390,1921
7391,1302
7392,3364
7393,1227
7394,2231
7395,3229
7396,335
7397,775
7398,3773
7399,734
7400,565
7401,277
7402,782
7403,1121
7404,747
7405,975
7406,3737
7407,1018
7408,4007
7409,2386
7410,3715
7411,2432
7412,302
7413,462
7414,670
7415,1974
7416,3653
7417,2321
7418,3077
7419,3265
7420,773
7421,289
7422,1008
7423,214
7424,3086
7425,2304
7426,679
7427,1818
7428,2805
7429,623
7430,1613
7431,2877
7432,1524
7433,1976
7434,1255
7435,2449
7436,1576
7437,2951
7438,2855
7439,3792
7440,3877
7441,979
7442,2635
7443,2949
7444,3582
7445,3962
7446,2953
7447,387
7448,2591
7449,2102
7450,1278
7451,1175
7452,1537
7453,704
7454,2213
7455,1907
7456,710
7457,126
7458,2318
7459,2533
7460,1353
7461,167
7462,3160
7463,1811
7464,59
7465,404
7466,1807
7467,383
7468,2041
7469,6
7470,82
7471,3592
7472,1065
7473,1609
7474,1569
7475,3760
7476,3423
7477,2796
7478,1532
7479,1905
7480,3765
7481,2261
7482,3982
7483,1132
7484,2383
7485,1538
7486,353
7487,1885
7488,1594
7489,211
7490,3665
7491,830
7492,507
7493,1099
7494,2193
7495,3233
7496,157
7497,3378
7498,336
7499,1660
7500,200
7501,3141
7502,1351
7503,3615
7504,1181
7505,1992
7506,592
7507,3916
7508,1165
7509,2493
7510,3469
7511,3041
7512,259
7513,1717
7514,3819
7515,3964
7516,1708
7517,966
7518,1092
7519,1883
7520,3361
7521,1811
7522,3832
7523,999
7524,3631
7525,1464
7526,3426
7527,2587
7528,3209
7529,3688
7530,307
7531,2066
7532,1324
7533,1583
7534,2774
7535,760
7536,3477
7537,2629
7538,3164
7539,2766
7540,539
7541,46
7542,2329
7543,2330
7544,1016
7545,2008
7546,1552
7547,3587
7548,565
7549,364
7550,750
7551,3729
7552,2335
7553,1089
7554,804
7555,2220
7556,3864
7557,940
7558,563
7559,207
7560,543
7561,3138
7562,2781
7563,1360
7564,3155
7565,1734
7566,3728
7567,3376
7568,3573
7569,1574
7570,632
7571,2592
7572,3225
7573,2197
7574,2497
7575,1367
7576,1959
7577,1388
7578,2485
7579,407
7580,1533
7581,1024
7582,2645
7583,2200
7584,772
7585,1278
7586,3977
7587,1171
7588,1163
7589,124
7590,1403
7591,415
7592,3938
7593,1314
7594,1061
7595,1442
7596,2892
7597,2956
7598,632
7599,2592
7600,2051
7601,1024
7602,1051
7603,2399
7604,2190
7605,51
7606,3483
7607,1802
7608,3116
7609,1481
7610,3844
7611,2758
7612,370
7613,2524
7614,3256
7615,1927
7616,2835
7617,1186
7618,3220
7619,305
7620,201
7621,1248
7622,3310
7623,389
7624,425
7625,3837
7626,1959
7627,2563
7628,837
7629,2957
7630,2230
7631,2821
7632,2317
7633,3044
7634,1108
7635,342
7636,1150
7637,1789
7638,921
7639,2841
7640,1061
7641,1717
7642,2320
7643,3434
7644,2918
7645,3297
7646,3898
7647,3971
7648,2137
7649,809
7650,1051
7651,2056
7652,3932
7653,1284
7654,1014
7655,3700
7656,2169
7657,735
7658,3749
7659,1811
7660,1710
7661,3285
7662,397
7663,3764
7664,620
7665,3936
7666,1263
7667,3005
7668,74
7669,3355
7670,2196
7671,2365
7672,3414
7673,3574
7674,346
7675,1409
7676,3914
7677,2091
7678,2465
7679,997
7680,3382
7681,3582
7682,2799
7683,2615
7684,3237
7685,1365
7686,3762
7687,490
7688,3281
7689,740
7690,670
7691,3858
7692,4005
7693,167
7694,1327
7695,1212
7696,3341
7697,3772
7698,3572
7699,395
7700,2396
7701,1195
7702,3983
7703,921
7704,2005
7705,3438
7706,3675
7707,1333
7708,1199
7709,619
7710,3552
7711,3136
7712,4004
7713,16
7714,3685
7715,1406
7716,227
7717,172
7718,926
7719,1144
7720,1720
7721,2629
7722,1032
7723,2788
7724,1165
7725,3974
7726,3216
7727,1062
7728,2379
7729,1681
7730,3151
7731,1472
7732,2927
7733,2116
7734,1690
7735,2836
7736,1901
7737,1497
7738,1120
7739,3325
7740,3469
7741,3938
7742,585
7743,924
7744,3440
7745,602
7746,1459
7747,1553
7748,3998
7749,2990
7750,227
7751,548
7752,2277
7753,3720
7754,2955
7755,1859
7756,2015
7757,1750
7758,31
7759,491
7760,1917
7761,1605
7762,131
7763,2357
7764,3204
7765,857
7766,348
7767,1144
7768,551
7769,959
7770,1838
7771,351
7772,1952
7773,3367
7774,977
7775,33
7776,3216
7777,4001
7778,3278
7779,914
7780,69
7781,1880
7782,3113
7783,3941
7784,1110
7785,845
7786,3035
7787,3909
7788,1817
7789,2713
7790,963
7791,3507
7792,2283
7793,2525
7794,36
7795,56
7796,1181
7797,1604
7798,3480
7799,1005
7800,1868
7801,690
7802,1115
7803,639
7804,1614
7805,1786
7806,1935
7807,3349
7808,1856
7809,2677
7810,2437
7811,3328
7812,942
7813,2782
7814,1090
7815,3188
7816,1016
7817,1752
7818,1925
7819,1916
7820,3583
7821,3502
7822,1196
7823,3743
7824,1413
7825,2334
7826,2489
7827,2112
7828,1686
7829,1110
7830,1321
7831,1208
7832,2501
7833,142
7834,3392
7835,4008
7836,2330
7837,1651
7838,3555
7839,197
7840,3985
7841,991
7842,3505
7843,3178
7844,2480
7845,2574
7846,2452
7847,1490
7848,723
7849,1118
7850,3697
7851,2866
7852,1717
7853,2261
7854,2821
7855,1660
7856,2155
7857,3235
7858,426
7859,717
7860,2370
7861,3745
7862,1803
7863,397
7864,1108
7865,1798
7866,3119
7867,3803
7868,1594
7869,2508
7870,3122
7871,3600
7872,2640
7873,3039
7874,1477
7875,3843
7876,3890
7877,1649
7878,3335
7879,981
7880,1727
7881,3615
7882,3680
7883,2810
7884,2105
7885,1067
7886,1669
7887,424
7888,1540
7889,2781
7890,2992
7891,313
7892,2710
7893,639
7894,2107
7895,3819
7896,1263
7897,2027
7898,1901
7899,3441
7900,2759
7901,2144
7902,2634
7903,2391
7904,3515
7905,2012
7906,964
7907,780
7908,3592
7909,1562
7910,3104
7911,2318
7912,2565
7913,2166
7914,550
7915,1711
7916,1018
7917,1538
7918,3833
7919,201
7920,2844
7921,1732
7922,2949
7923,460
7924,525
7925,2949
7926,2574
7927,437
7928,2496
7929,1880
7930,1992
7931,3045
7932,3083
7933,2177
7934,2768
7935,688
7936,3335
7937,3150
7938,558
7939,1474
7940,281
7941,2083
7942,2721
7943,1755
7944,2475
7945,3661
7946,2283
7947,3359
7948,2826
7949,2869
7950,2602
7951,2807
7952,3463
7953,562
7954,1326
7955,1432
7956,277
7957,1205
7958,2404
7959,859
7960,387
7961,2413
7962,418
7963,1304
7964,603
7965,2582
7966,1897
7967,431
7968,502
7969,1133
7970,1770
7971,1451
7972,153
7973,942
7974,3999
7975,870
7976,4008
7977,3375
7978,1630
7979,799
7980,1547
7981,1794
7982,2058
7983,1541
7984,2682
7985,257
7986,475
7987,853
7988,510
7989,3431
7990,2124
7991,3928
7992,3168
7993,325
7994,739
7995,1753
7996,1914
7997,1552
7998,856
7999,3832
8000,3294
8001,1581
8002,2294
8003,633
8004,3865
8005,1714
8006,163
8007,1954
8008,2923
8009,497
8010,1096
8011,3885
8012,1499
8013,1147
8014,3030
8015,375
8016,3324
8017,2765
8018,836
8019,2951
8020,2842
8021,1671
8022,3653
8023,1821
8024,1105
8025,1030
8026,2848
8027,1391
8028,3629
8029,3674
8030,2742
8031,920
8032,2066
8033,2740
8034,2065
8035,1235
8036,732
8037,2301
8038,3843
8039,134
8040,3357
8041,2969
8042,3899
8043,3874
8044,1020
8045,1923
8046,3386
8047,1041
8048,3371
8049,602
8050,2858
8051,3382
8052,1549
8053,1828
8054,737
8055,3811
8056,1915
8057,1982
8058,3859
8059,2799
8060,3263
8061,2682
8062,2167
8063,2629
8064,3131
8065,3224
8066,695
8067,1185
8068,3868
8069,2303
8070,154
8071,3149
8072,1471
8073,3770
8074,2182
8075,2665
8076,4016
8077,2951
8078,3485
8079,512
8080,634
8081,2561
8082,2868
8083,1656
8084,2505
8085,2470
8086,1395
8087,2326
8088,3307
8089,1055
8090,1444
8091,2437
8092,2129
8093,2704
8094,585
8095,3419
8096,1653
8097,2783
8098,1126
8099,2614
8100,2190
8101,2268
8102,3923
8103,1035
8104,426
8105,3518
8106,3331
8107,2639
8108,2826
8109,3328
8110,170
8111,3548
8112,2581
8113,1443
8114,2629
8115,382
8116,1119
8117,1198
8118,2529
8119,23
8120,453
8121,1470
8122,2780
8123,1143
8124,348
8125,1066
8126,40
8127,1250
8128,1580
8129,2842
8130,1990
8131,3433
8132,3382
8133,1347
8134,1110
8135,3812
8136,2656
8137,74
8138,3457
8139,1789
8140,2011
8141,2733
8142,1994
8143,179
8144,2694
8145,3464
8146,3674
8147,126
8148,2733
8149,3117
8150,3510
8151,3643
8152,3014
8153,1842
8154,3372
8155,3243
8156,1121
8157,2131
8158,1268
8159,2478
8160,1162
8161,1683
8162,2349
8163,4020
8164,947
8165,3172
8166,1471
8167,304
8168,187
8169,605
8170,673
8171,3329
8172,3662
8173,3815
8174,1966
8175,1081
8176,310
8177,3203
8178,1276
8179,1479
8180,3409
8181,1112
8182,1453
8183,1355
8184,2905
8185,2008
8186,2958
8187,481
8188,3737
8189,2445
8190,2198
8191,3796
8192,2094
8193,92
8194,839
8195,2485
8196,3220
8197,2785
8198,2616
8199,3815
8200,3206
8201,3980
8202,1137
8203,3994
8204,378
8205,584
8206,749
8207,3062
8208,1724
8209,3342
8210,3241
8211,4020
8212,1676
8213,1078
8214,1894
8215,2277
8216,1566
8217,3600
8218,372
8219,1020
8220,2802
8221,2909
8222,1257
8223,1960
8224,1286
8225,1817
8226,3660
8227,3528
8228,3614
8229,2270
8230,2609
8231,2508
8232,713
8233,354
8234,3436
8235,3036
8236,580
8237,2738
8238,685
8239,2000
8240,1239
8241,2889
8242,3195
8243,1648
8244,1425
8245,1496
8246,2287
8247,1835
8248,522
8249,396
8250,3743
8251,1638
8252,3102
8253,3254
8254,1522
8255,3233
8256,1689
8257,2772
8258,790
8259,3009
8260,1500
8261,2114
8262,529
8263,316
8264,2921
8265,3722
8266,81
8267,956
8268,3455
8269,1217
8270,3826
8271,596
8272,893
8273,756
8274,1477
8275,3730
8276,1161
8277,937
8278,2872
8279,3775
8280,2879
8281,2211
8282,1511
8283,3482
8284,2825
8285,2211
8286,3522
8287,2174
8288,1837
8289,2305
8290,2063
8291,1055
8292,3783
8293,361
8294,2313
8295,2792
8296,2765
8297,1900
8298,597
8299,339
8300,1833
8301,3530
8302,711
8303,711
8304,3184
8305,1263
8306,727
8307,119
8308,2780
8309,1891
8310,176
8311,1042
8312,3208
8313,2234
8314,1273
8315,5
8316,1887
8317,2812
8318,1147
8319,4019
8320,2774
8321,70
8322,64
8323,2911
8324,3703
8325,832
8326,3966
8327,549
8328,1527
8329,1406
8330,235
8331,3412
8332,3596
8333,484
8334,1392
8335,3242
8336,2481
8337,2024
8338,2469
8339,1494
8340,3906
8341,2057
8342,3911
8343,2022
8344,512
8345,2603
8346,3554
8347,2582
8348,3426
8349,1413
8350,351
8351,1013
8352,509
8353,4001
8354,276
8355,3340
8356,266
8357,195
8358,3120
8359,3312
8360,2664
8361,3917
8362,2680
8363,2552
8364,1714
8365,1987
8366,2677
8367,534
8368,3059
8369,1651
8370,2622
8371,775
8372,3581
8373,2932
8374,510
8375,798
8376,2809
8377,2510
8378,1645
8379,3821
8380,198
8381,3661
8382,2965
8383,594
8384,725
8385,2280
8386,3479
8387,1683
8388,3680
8389,2439
8390,2376
8391,2694
8392,1558
8393,2312
8394,1150
8395,290
8396,2826
8397,474
8398,3750
8399,2471
8400,2298
8401,1916
8402,1401
8403,823
8404,3529
8405,2920
8406,1386
8407,846
8408,2285
8409,892
8410,3433
8411,3722
8412,845
8413,2936
8414,1625
8415,1264
8416,2101
8417,330
8418,3681
8419,49
8420,270
8421,3796
8422,3194
8423,2291
8424,3133
8425,707
8426,1843
8427,436
8428,231
8429,3700
8430,2107
8431,3446
8432,2995
8433,1177
8434,2663
8435,1691
8436,3738
8437,105
8438,344
8439,924
8440,2134
8441,904
8442,1697
8443,2919
8444,2503
8445,2793
8446,2586
8447,2561
8448,3426
8449,654
8450,3255
8451,70
8452,2079
8453,1259
8454,2211
8455,3983
8456,1575
8457,1383
8458,2829
8459,2635
8460,2605
8461,2437
8462,2452
8463,3611
8464,3527
8465,481
8466,1248
8467,1348
8468,2532
8469,2403
8470,1265
8471,2472
8472,639
8473,3554
8474,3055
8475,1913
8476,1596
8477,3871
8478,3482
8479,2721
8480,3248
8481,2632
8482,2077
8483,2768
8484,801
8485,2899
8486,1864
8487,2072
8488,3698
8489,730
8490,164
8491,1362
8492,3617
8493,2242
8494,1099
8495,1155
8496,1175
8497,3491
8498,164
8499,2842
8500,261
8501,3905
8502,3314
8503,2084
8504,3259
8505,3093
8506,3771
8507,2666
8508,3706
8509,3859
8510,3595
8511,2676
8512,3595
8513,2498
8514,3739
8515,294
8516,733
8517,3143
8518,3021
8519,982
8520,681
8521,497
8522,2679
8523,3451
8524,1894
8525,901
8526,1849
8527,467
8528,516
8529,3837
8530,1319
8531,2149
8532,3460
8533,3255
8534,770
8535,4013
8536,594
8537,3655
8538,1034
8539,2310
8540,2485
8541,850
8542,2340
8543,530
8544,1114
8545,3311
8546,3173
8547,911
8548,2072
8549,704
8550,3458
8551,2423
8552,2114
8553,653
8554,3189
8555,1413
8556,305
8557,3291
8558,1306
8559,1712
8560,2998
8561,2815
8562,3454
8563,85
8564,216
8565,666
8566,3361
8567,2636
8568,3762
8569,1472
8570,2321
8571,3406
8572,2535
8573,1534
8574,2278
8575,3175
8576,1394
8577,1999
8578,2556
8579,3535
8580,3597
8581,3493
8582,437
8583,2177
8584,2863
8585,3614
8586,441
8587,2199
8588,3129
8589,1229
8590,4004
8591,3877
8592,3022
8593,249
8594,1923
8595,351
8596,3189
8597,1345
8598,3707
8599,1411
8600,187
8601,1716
8602,1803
8603,1279
8604,2685
8605,1395
8606,1478
8607,3012
8608,1458
8609,28
8610,1645
8611,1956
8612,3763
8613,2575
8614,2267
8615,3290
8616,2776
8617,3782
8618,2474
8619,3368
8620,3691
8621,1197
8622,1323
8623,2608
8624,720
8625,2271
8626,2939
8627,123
8628,3183
8629,38
8630,3448
8631,3159
8632,1602
8633,511
8634,2163
8635,3472
8636,2412
8637,3403
8638,1913
8639,317
8640,755
8641,143
8642,2174
8643,1280
8644,990
8645,2722
8646,569
8647,4002
8648,3723
8649,981
8650,574
8651,1441
8652,2038
8653,2444
8654,3685
8655,1069
8656,878
8657,1942
8658,2640
8659,635
8660,231
8661,2384
8662,1085
8663,677
8664,326
8665,911
8666,2053
8667,3930
8668,915
8669,2144
8670,66
8671,3474
8672,3365
8673,682
8674,3191
8675,3236
8676,3055
8677,2101
8678,3273
8679,1813
8680,343
8681,1479
8682,3284
8683,433
8684,16
8685,3984
8686,2105
8687,900
8688,1553
8689,998
8690,1417
8691,950
8692,1937
8693,2458
8694,2182
8695,2917
8696,2704
8697,327
8698,2372
8699,531
8700,682
8701,1109
8702,506
8703,374
8704,314
8705,2293
8706,1830
8707,476
8708,1488
8709,1630
8710,469
8711,1077
8712,2707
8713,3047
8714,3296
8715,3885
8716,3957
8717,1599
8718,1056
8719,1280
8720,2922
8721,3681
8722,1794
8723,1649
8724,1408
8725,231
8726,2269
8727,3850
8728,2322
8729,1153
8730,378
8731,1595
8732,185
8733,2532
8734,1527
8735,2200
8736,2415
8737,1916
8738,552
8739,1141
8740,2820
8741,1802
8742,2162
8743,2180
8744,1929
8745,2639
8746,2223
8747,60
8748,3594
8749,2285
8750,1496
8751,1460
8752,3993
8753,3817
8754,1794
8755,595
8756,3141
8757,2075
8758,2737
8759,550
8760,2252
8761,958
8762,3483
8763,2777
8764,1167
8765,2622
8766,2449
8767,1378
8768,3952
8769,3465
8770,412
8771,2991
8772,158
8773,1126
8774,2749
8775,2860
8776,2607
8777,2360
8778,2620
8779,3780
8780,2984
8781,2325
8782,2021
8783,3795
8784,326
8785,2991
8786,2880
8787,3675
8788,3459
8789,2674
8790,2125
8791,3289
8792,1274
8793,4002
8794,3882
8795,1662
8796,2557
8797,321
8798,3995
8799,3252
8800,1687
8801,2863
8802,170
8803,3019
8804,3040
8805,2531
8806,1729
8807,2994
8808,725
8809,667
8810,2207
8811,2322
8812,3673
8813,2235
8814,1577
8815,3897
8816,3045
8817,2860
8818,1244
8819,2830
8820,3968
8821,1276
8822,1005
8823,3750
8824,2002
8825,275
8826,72
8827,1502
8828,1756
8829,537
8830,3704
8831,2360
8832,3400
8833,3160
8834,3307
8835,1358
8836,2409
8837,540
8838,660
8839,1752
8840,1423
8841,875
8842,709
8843,618
8844,2811
8845,1802
8846,3333
8847,3866
8848,2481
8849,3721
8850,1112
8851,2391
8852,1531
8853,2484
8854,1179
8855,3862
8856,469
8857,1186
8858,2817
8859,1267
8860,1523
8861,426
8862,3637
8863,924
8864,1491
8865,2164
8866,2210
8867,367
8868,2905
8869,1039
8870,3366
8871,3103
8872,1035
8873,3427
8874,1545
8875,2830
8876,532
8877,1041
8878,2501
8879,1676
8880,676
8881,3708
8882,3273
8883,2254
8884,893
8885,2280
8886,4001
8887,524
8888,1650
8889,249
8890,4011
8891,2940
8892,3953
8893,3463
8894,3550
8895,379
8896,3277
8897,429
8898,4019
8899,1351
8900,1816
8901,145
8902,3932
8903,1320
8904,2648
8905,2978
8906,2624
8907,3823
8908,2942
8909,1826
8910,3582
8911,632
8912,667
8913,313
8914,1360
8915,2203
8916,1298
8917,633
8918,2101
8919,3656
8920,1838
8921,1043
8922,2254
8923,3990
8924,1808
8925,811
8926,3857
8927,2378
8928,2750
8929,1310
8930,1760
8931,1886
8932,75
8933,3587
8934,3295
8935,3754
8936,2063
8937,672
8938,2051
8939,3690
8940,676
8941,276
8942,2169
8943,2734
8944,2756
8945,1859
8946,1469
8947,1200
8948,2410
8949,2505
8950,275
8951,2389
8952,534
8953,3584
8954,3306
8955,825
8956,1089
8957,886
8958,70
8959,480
8960,1677
8961,2697
8962,4023
8963,203
8964,1130
8965,3619
8966,3499
8967,2822
8968,175
8969,1127
8970,3795
8971,1964
8972,1789
8973,1563
8974,892
8975,97
8976,2684
8977,3257
8978,2213
8979,2455
8980,3371
8981,3690
8982,1476
8983,343
8984,3045
8985,1286
8986,2347
8987,1320
8988,2145
8989,2327
8990,2251
8991,3554
8992,2181
8993,1687
8994,2830
8995,1942
8996,4
8997,2194
8998,2059
8999,302
9000,432
9001,668
9002,46
9003,3762
9004,1048
9005,1770
9006,1813
9007,3500
9008,2631
9009,3783
9010,1385
9011,2980
9012,2100
9013,2266
9014,2103
9015,3575
9016,506
9017,2805
9018,904
9019,3711
9020,1025
9021,413
9022,1879
9023,3135
9024,1467
9025,853
9026,1502
9027,2377
9028,3711
9029,3895
9030,2264
9031,1838
9032,1977
9033,2134
9034,2566
9035,865
9036,1673
9037,3279
9038,1915
9039,1467
9040,9
9041,744
9042,1687
9043,3446
9044,2572
9045,3031
9046,2650
9047,1198
9048,3
9049,3521
9050,523
9051,2800
9052,2401
9053,2645
9054,2227
9055,2133
9056,734
9057,2516
9058,2352
9059,3932
9060,750
9061,1989
9062,928
9063,1002
9064,2715
9065,1495
9066,1790
9067,85
9068,1590
9069,2585
9070,594
9071,1855
9072,3438
9073,668
9074,1171
9075,746
9076,686
9077,444
9078,613
9079,1226
9080,2452
9081,158
9082,2387
9083,3162
9084,837
9085,1867
9086,3129
9087,1653
9088,2037
9089,2792
9090,2711
9091,642
9092,2652
9093,1545
9094,698
9095,2226
9096,197
9097,1809
9098,3177
9099,600
9100,2881
9101,2762
9102,3276
9103,4010
9104,1854
9105,2955
9106,1243
9107,3755
9108,2689
9109,706
9110,613
9111,3983
9112,3842
9113,3854
9114,3783
9115,1789
9116,1838
9117,1739
9118,2952
9119,609
9120,356
9121,2304
9122,3345
9123,2923
9124,1037
9125,697
9126,2682
9127,2497
9128,232
9129,3991
9130,3961
9131,495
9132,1453
9133,2204
9134,2127
9135,3287
9136,1491
9137,1434
9138,2973
9139,2254
9140,1897
9141,401
9142,495
9143,1922
9144,3295
9145,510
9146,3939
9147,2116
9148,2599
9149,1959
9150,2550
9151,536
9152,1854
9153,1089
9154,3369
9155,155
9156,1066
9157,3181
9158,1555
9159,2561
9160,1660
9161,1613
9162,3106
9163,2700
9164,2052
9165,136
9166,4011
9167,2288
9168,1943
9169,3626
9170,3704
9171,1005
9172,1663
9173,2023
9174,1996
9175,2989
9176,1193
9177,3024
9178,827
9179,1493
9180,3625
9181,2633
9182,1574
9183,2962
9184,1944
9185,936
9186,2263
9187,3305
9188,3997
9189,2445
9190,790
9191,2734
9192,4005
9193,1115
9194,1814
9195,1377
9196,696
9197,2651
9198,302
9199,1894
9200,3248
9201,3150
9202,3346
9203,667
9204,619
9205,3534
9206,2801
9207,2915
9208,2005
9209,661
9210,2654
9211,339
9212,908
9213,1545
9214,1622
9215,1862
9216,542
9217,962
9218,3330
9219,2762
9220,1925
9221,4012
9222,2718
9223,1122
9224,2045
9225,1978
9226,629
9227,1211
9228,1881
9229,3344
9230,871
9231,3326
9232,2433
9233,3820
9234,798
9235,2967
9236,342
9237,1413
9238,2280
9239,2047
9240,987
9241,630
9242,1211
9243,3366
9244,1582
9245,165
9246,1297
9247,959
9248,963
9249,3296
9250,2669
9251,1764
9252,100
9253,1053
9254,1511
9255,1738
9256,3051
9257,2686
9258,2603
9259,1890
9260,2893
9261,1816
9262,691
9263,3294
9264,3248
9265,1454
9266,1731
9267,2509
9268,2483
9269,2789
9270,1564
9271,3214
9272,1119
9273,2197
9274,341
9275,18
9276,1063
9277,577
9278,1823
9279,2465
9280,1759
9281,3110
9282,3768
9283,1888
9284,2833
9285,2825
9286,3096
9287,1155
9288,60
9289,3140
9290,753
9291,3224
9292,3672
9293,3166
9294,1064
9295,2456
9296,2330
9297,2059
9298,2134
9299,513
9300,1055
9301,424
9302,2050
9303,870
9304,2639
9305,4007
9306,1124
9307,1410
9308,2645
9309,1588
9310,1342
9311,434
9312,4026
9313,2235
9314,541
9315,2722
9316,2661
9317,715
9318,227
9319,359
9320,120
9321,590
9322,69
9323,3749
9324,1962
9325,3741
9326,2825
9327,816
9328,1214
9329,1935
9330,1880
9331,2372
9332,1434
9333,1025
9334,760
9335,3376
9336,183
9337,2273
9338,1851
9339,1402
9340,621
9341,379
9342,833
9343,1019
9344,3609
9345,1003
9346,1617
9347,791
9348,2203
9349,2008
9350,722
9351,1694
9352,2687
9353,749
9354,3220
9355,458
9356,1642
9357,1264
9358,2572
9359,3243
9360,23
9361,1504
9362,2650
9363,1483
9364,2364
9365,1820
9366,305
9367,3572
9368,119
9369,136
9370,428
9371,3650
9372,3403
9373,1736
9374,3781
9375,3042
9376,2837
9377,744
9378,753
9379,1454
9380,2005
9381,373
9382,89
9383,3169
9384,3552
9385,3979
9386,3297
9387,2587
9388,3540
9389,1786
9390,58
9391,1621
9392,678
9393,3000
9394,3508
9395,418
9396,3158
9397,1851
9398,280
9399,1627
9400,144
9401,1883
9402,1637
9403,3513
9404,2152
9405,99
9406,2117
9407,166
9408,1924
9409,2987
9410,3440
9411,386
9412,1529
9413,891
9414,2442
9415,2287
9416,1367
9417,3176
9418,618
9419,2268
9420,353
9421,3969
9422,3378
9423,2422
9424,1190
9425,890
9426,1350
9427,3539
9428,1281
9429,3222
9430,1600
9431,947
9432,3848
9433,1537
9434,1727
9435,3363
9436,3146
9437,678
9438,155
9439,3831
9440,3686
9441,2269
9442,2114
9443,2480
9444,3288
9445,1539
9446,1103
9447,3301
9448,1287
9449,474
9450,3086
9451,3043
9452,2340
9453,3658
9454,114
9455,3541
9456,626
9457,2996
9458,608
9459,622
9460,2270
9461,263
9462,709
9463,490
9464,452
9465,6
9466,2815
9467,1999
9468,424
9469,1703
9470,558
9471,3557
9472,2785
9473,3407
9474,402
9475,2143
9476,1960
9477,3796
9478,537
9479,3085
9480,24
9481,1741
9482,3563
9483,1424
9484,3701
9485,3612
9486,2715
9487,3476
9488,2749
9489,3068
9490,2173
9491,1755
9492,873
9493,3857
9494,774
9495,787
9496,2861
9497,2919
9498,3029
9499,1160
9500,1532
9501,4026
9502,260
9503,305
9504,914
9505,893
9506,3979
9507,2597
9508,3984
9509,374
9510,2611
9511,2621
9512,3370
9513,3772
9514,1511
9515,811
9516,4008
9517,3271
9518,40
9519,335
9520,1690
9521,2560
9522,2663
9523,2005
9524,3944
9525,2669
9526,3984
9527,3620
9528,2901
9529,754
9530,1458
9531,1050
9532,4000
9533,2664
9534,3633
9535,191
9536,2081
9537,229
9538,1111
9539,1282
9540,532
9541,3066
9542,1230
9543,318
9544,159
9545,2916
9546,491
9547,1042
9548,1700
9549,608
9550,2509
9551,3423
9552,1677
9553,1965
9554,2352
9555,1503
9556,3233
9557,1543
9558,3776
9559,2914
9560,926
9561,2853
9562,298
9563,1976
9564,4019
9565,438
9566,1379
9567,2399
9568,2291
9569,1764
9570,4009
9571,2125
9572,4020
9573,3458
9574,1562
9575,3441
9576,2040
9577,2661
9578,932
9579,3652
9580,3888
9581,1480
9582,2452
9583,790
9584,2383
9585,425
9586,1870
9587,3040
9588,90
9589,2227
9590,2294
9591,1208
9592,3824
9593,3852
9594,463
9595,348
9596,3023
9597,3628
9598,352
9599,3946
9600,3148
9601,3873
9602,2285
9603,3079
9604,2940
9605,1062
9606,481
9607,759
9608,3478
9609,3934
9610,2491
9611,713
9612,540
9613,4023
9614,3484
9615,2161
9616,1301
9617,2068
9618,291
9619,3618
9620,2667
9621,1717
9622,2499
9623,90
9624,683
9625,211
9626,3495
9627,2422
9628,3557
9629,3132
9630,689
9631,1248
9632,1109
9633,111
9634,807
9635,492
9636,1591
9637,2504
9638,767
9639,2191
9640,574
9641,1841
9642,3184
9643,1312
9644,980
9645,1505
9646,3795
9647,3797
9648,771
9649,183
9650,2022
9651,1632
9652,355
9653,1742
9654,181
9655,1342
9656,2247
9657,167
9658,1886
9659,1638
9660,3218
9661,1329
9662,658
9663,1984
9664,2279
9665,1615
9666,3264
9667,1585
9668,3491
9669,1836
9670,1155
9671,1655
9672,3382
9673,2013
9674,578
9675,1735
9676,1440
9677,1244
9678,42
9679,1734
9680,3306
9681,752
9682,1023
9683,2003
9684,1053
9685,1706
9686,303
9687,3958
9688,2472
9689,2558
9690,72
9691,2497
9692,3150
9693,1638
9694,3892
9695,2015
9696,3085
9697,3327
9698,765
9699,3029
9700,3647
9701,228
9702,2688
9703,2541
9704,784
9705,1617
9706,925
9707,2104
9708,3687
9709,544
9710,2555
9711,3926
9712,409
9713,564
9714,1988
9715,2460
9716,755
9717,2179
9718,2497
9719,512
9720,3427
9721,3454
9722,3118
9723,3376
9724,2562
9725,843
9726,1633
9727,2982
9728,1049
9729,374
9730,3787
9731,3351
9732,637
9733,3135
9734,1264
9735,1837
9736,532
9737,2761
9738,3669
9739,3229
9740,1450
9741,3534
9742,2749
9743,1739
9744,3558
9745,2692
9746,1050
9747,2046
9748,2756
9749,2011
